joint,x,y,z,jointname,time
0,76.06789,284.83557,1057.5012,HEAD,12831
1,11.923905,134.21112,961.8047,NECK,12831
2,-100.10938,112.16419,987.33777,LEFT_SHOULDER,12831
3,123.957184,156.25806,936.2716,RIGHT_SHOULDER,12831
4,-141.48306,-15.066574,1118.791,LEFT_ELBOW,12831
5,64.75487,13.607651,918.865,RIGHT_ELBOW,12831
6,-200.02406,-261.1355,1059.7529,LEFT_HAND,12831
7,369.73602,-169.92644,932.6747,RIGHT_HAND,12831
8,23.621443,12.384419,907.9374,TORSO,12831
9,-44.87414,-125.22342,872.34656,LEFT_HIP,12831
10,115.51211,-93.66115,835.7936,RIGHT_HIP,12831
11,-50.159836,-433.5729,909.3772,LEFT_KNEE,12831
12,101.66367,-402.99554,860.2694,RIGHT_KNEE,12831
13,-21.560694,-701.20605,1038.8163,LEFT_FOOT,12831
14,99.20774,-683.89215,961.7138,RIGHT_FOOT,12831
0,72.320694,287.48105,1059.8025,HEAD,12831
1,27.296112,197.28241,871.7027,NECK,12831
2,-94.05242,195.13214,892.4014,LEFT_SHOULDER,12831
3,148.64464,199.4327,851.00397,RIGHT_SHOULDER,12831
4,-127.02288,12.349991,943.21765,LEFT_ELBOW,12831
5,29.13115,-22.25737,696.66595,RIGHT_ELBOW,12831
6,-207.25842,-221.62889,1060.297,LEFT_HAND,12831
7,-155.47652,-130.98071,825.85034,RIGHT_HAND,12831
8,29.247343,41.17438,866.9249,TORSO,12831
9,-42.18918,-116.23407,874.6651,LEFT_HIP,12831
10,104.586334,-113.633224,849.6292,RIGHT_HIP,12831
11,-50.304424,-425.08868,907.3489,LEFT_KNEE,12831
12,106.08374,-423.96936,864.27563,RIGHT_KNEE,12831
13,-23.296272,-694.8775,1032.7585,LEFT_FOOT,12831
14,101.48217,-704.7351,966.2189,RIGHT_FOOT,12831
0,69.888245,288.51624,1060.6674,HEAD,12831
1,30.396603,206.08116,854.4695,NECK,12831
2,-80.94409,209.61678,880.7206,LEFT_SHOULDER,12831
3,141.73729,202.54556,828.2184,RIGHT_SHOULDER,12831
4,-122.518524,6.2081146,936.70337,LEFT_ELBOW,12831
5,22.712929,-4.118622,693.96124,RIGHT_ELBOW,12831
6,-203.90976,-230.07646,1061.5724,LEFT_HAND,12831
7,-177.8483,-301.01297,707.40936,RIGHT_HAND,12831
8,26.116512,48.373478,857.557,TORSO,12831
9,-42.17905,-107.30141,875.7376,LEFT_HIP,12831
10,85.8519,-111.36701,845.55145,RIGHT_HIP,12831
11,-49.32045,-415.87317,911.2019,LEFT_KNEE,12831
12,107.77832,-420.7196,864.13806,RIGHT_KNEE,12831
13,-21.9451,-689.9613,1026.8276,LEFT_FOOT,12831
14,101.12674,-703.6703,959.7295,RIGHT_FOOT,12831
0,64.14399,291.50476,1050.9436,HEAD,12831
1,30.32329,204.10031,849.14856,NECK,12831
2,-80.55346,205.14148,873.16315,LEFT_SHOULDER,12831
3,141.20004,203.05913,825.134,RIGHT_SHOULDER,12831
4,-124.18652,-21.28505,919.8522,LEFT_ELBOW,12831
5,140.63934,-93.90584,889.20386,RIGHT_ELBOW,12831
6,-156.53964,-227.60994,755.81494,LEFT_HAND,12831
7,302.6526,-275.97446,934.4351,RIGHT_HAND,12831
8,29.780607,48.678764,853.3816,TORSO,12831
9,-41.01713,-106.08305,872.831,LEFT_HIP,12831
10,99.49298,-107.4025,842.39825,RIGHT_HIP,12831
11,-48.140533,-414.14203,912.5068,LEFT_KNEE,12831
12,107.54789,-417.58673,858.0862,RIGHT_KNEE,12831
13,-20.38029,-690.0707,1023.57336,LEFT_FOOT,12831
14,101.19727,-700.9186,952.5624,RIGHT_FOOT,12831
0,66.928085,289.57892,1046.3093,HEAD,12831
1,35.303516,188.99547,852.8281,NECK,12831
2,-76.8575,191.8306,871.90533,LEFT_SHOULDER,12831
3,147.46452,186.16034,833.7509,RIGHT_SHOULDER,12831
4,-143.34071,-12.300507,928.7226,LEFT_ELBOW,12831
5,64.70316,-0.54911804,903.2045,RIGHT_ELBOW,12831
6,-161.40688,-206.89282,742.58563,LEFT_HAND,12831
7,304.36166,-301.4245,919.85706,RIGHT_HAND,12831
8,31.825306,38.497326,854.74493,TORSO,12831
9,-40.69411,-110.25564,868.4048,LEFT_HIP,12831
10,97.388306,-113.74599,844.9187,RIGHT_HIP,12831
11,-46.98211,-417.8247,911.0856,LEFT_KNEE,12831
12,107.97298,-423.9422,856.1541,RIGHT_KNEE,12831
13,-19.813818,-694.0492,1021.2881,LEFT_FOOT,12831
14,101.77118,-707.1736,950.622,RIGHT_FOOT,12831
0,68.06217,289.09866,1029.0289,HEAD,12831
1,34.89586,168.42253,857.1917,NECK,12831
2,-73.5339,170.8244,869.6694,LEFT_SHOULDER,12831
3,143.3256,166.02066,844.71405,RIGHT_SHOULDER,12831
4,-143.71109,-29.63652,925.3514,LEFT_ELBOW,12831
5,108.30246,-39.065475,921.8207,RIGHT_ELBOW,12831
6,-160.79657,-225.32669,748.71643,LEFT_HAND,12831
7,315.3083,-291.5127,909.40607,RIGHT_HAND,12831
8,31.566385,28.440184,855.20496,TORSO,12831
9,-42.81268,-109.96831,861.3943,LEFT_HIP,12831
10,99.2865,-113.11601,845.0421,RIGHT_HIP,12831
11,-49.077435,-417.3792,905.2031,LEFT_KNEE,12831
12,108.3964,-423.21802,859.66113,RIGHT_KNEE,12831
13,-20.821121,-694.001,1014.128,LEFT_FOOT,12831
14,103.512985,-706.8434,953.0179,RIGHT_FOOT,12831
0,71.14096,287.0467,1021.1996,HEAD,12831
1,33.465267,170.44815,858.84467,NECK,12831
2,-77.3943,172.80263,864.119,LEFT_SHOULDER,12831
3,144.32483,168.09369,853.5703,RIGHT_SHOULDER,12831
4,-141.34131,-35.6996,927.4386,LEFT_ELBOW,12831
5,128.2172,-47.622498,933.3868,RIGHT_ELBOW,12831
6,-161.79391,-235.9788,752.38947,LEFT_HAND,12831
7,315.12622,-281.43365,906.5514,RIGHT_HAND,12831
8,30.35969,28.246267,857.0493,TORSO,12831
9,-43.780716,-112.44696,858.6336,LEFT_HIP,12831
10,98.28894,-115.46428,851.8743,RIGHT_HIP,12831
11,-49.04683,-419.86502,902.5236,LEFT_KNEE,12831
12,107.35189,-425.77844,860.98145,RIGHT_KNEE,12831
13,-20.798574,-697.05273,1010.00226,LEFT_FOOT,12831
14,103.99426,-709.8245,953.1183,RIGHT_FOOT,12831
0,73.81414,285.34875,1017.1555,HEAD,12831
1,34.992443,174.17775,860.3795,NECK,12831
2,-78.365425,177.23727,862.9702,LEFT_SHOULDER,12831
3,148.35031,171.11824,857.7888,RIGHT_SHOULDER,12831
4,-140.98947,-30.710007,928.3625,LEFT_ELBOW,12831
5,128.97823,-50.187393,940.275,RIGHT_ELBOW,12831
6,-164.13408,-229.21732,754.7535,LEFT_HAND,12831
7,295.54456,-289.48816,893.89105,RIGHT_HAND,12831
8,31.050238,29.558414,858.6768,TORSO,12831
9,-44.481148,-113.12874,858.6102,LEFT_HIP,12831
10,98.69721,-116.99311,855.338,RIGHT_HIP,12831
11,-48.85441,-420.65118,901.86273,LEFT_KNEE,12831
12,106.89288,-427.41415,860.95496,RIGHT_KNEE,12831
13,-21.348482,-698.877,1006.822,LEFT_FOOT,12831
14,104.81647,-712.0665,951.2397,RIGHT_FOOT,12831
0,74.240036,285.52606,1024.3625,HEAD,12831
1,34.406223,176.27103,863.03406,NECK,12831
2,-79.97516,178.80661,862.0683,LEFT_SHOULDER,12831
3,148.78761,173.73547,863.9998,RIGHT_SHOULDER,12831
4,-145.28885,-32.059982,928.2302,LEFT_ELBOW,12831
5,131.39449,-51.699783,945.45026,RIGHT_ELBOW,12831
6,-164.30151,-229.08044,753.3812,LEFT_HAND,12831
7,303.39056,-280.89813,915.8294,RIGHT_HAND,12831
8,31.207218,31.013206,860.54114,TORSO,12831
9,-44.410084,-112.63928,857.43677,LEFT_HIP,12831
10,100.42651,-115.84996,858.65967,RIGHT_HIP,12831
11,-47.947906,-420.1229,901.04004,LEFT_KNEE,12831
12,107.30492,-426.33386,862.1783,RIGHT_KNEE,12831
13,-20.808357,-699.6809,1002.49646,LEFT_FOOT,12831
14,106.06587,-711.4672,950.948,RIGHT_FOOT,12831
0,75.31563,285.00177,1026.9893,HEAD,12831
1,33.5865,178.0958,862.6849,NECK,12831
2,-81.4975,179.92207,861.95355,LEFT_SHOULDER,12831
3,148.67049,176.2695,863.4162,RIGHT_SHOULDER,12831
4,-149.93121,-32.33223,930.47565,LEFT_ELBOW,12831
5,135.57137,-55.579987,953.28705,RIGHT_ELBOW,12831
6,-164.73671,-226.69035,755.02905,LEFT_HAND,12831
7,304.07593,-277.9497,921.1155,RIGHT_HAND,12831
8,31.31718,33.690437,859.17596,TORSO,12831
9,-45.60203,-109.53028,855.1927,LEFT_HIP,12831
10,103.697754,-111.89954,856.1414,RIGHT_HIP,12831
11,-48.037952,-416.9221,899.51294,LEFT_KNEE,12831
12,108.46051,-422.37518,862.63184,RIGHT_KNEE,12831
13,-21.050262,-697.2738,998.79663,LEFT_FOOT,12831
14,108.09186,-707.6863,950.8367,RIGHT_FOOT,12831
0,75.31663,284.61282,1028.8016,HEAD,12831
1,32.632526,182.03638,860.29224,NECK,12831
2,-82.94153,183.23355,860.11304,LEFT_SHOULDER,12831
3,148.20657,180.83922,860.47144,RIGHT_SHOULDER,12831
4,-147.78186,-27.95639,929.5098,LEFT_ELBOW,12831
5,136.27982,-57.829147,967.3828,RIGHT_ELBOW,12831
6,-163.5565,-226.60867,752.765,LEFT_HAND,12831
7,306.54742,-276.70502,924.34045,RIGHT_HAND,12831
8,31.128965,36.634254,858.61566,TORSO,12831
9,-45.575676,-107.98891,856.8225,LEFT_HIP,12831
10,104.826485,-109.546844,857.05566,RIGHT_HIP,12831
11,-47.744095,-415.42407,900.8552,LEFT_KNEE,12831
12,109.68762,-420.04773,862.10657,RIGHT_KNEE,12831
13,-19.575222,-696.9731,996.35034,LEFT_FOOT,12831
14,111.01713,-705.70154,949.18567,RIGHT_FOOT,12831
0,75.41929,284.0235,1029.377,HEAD,12831
1,31.754343,183.09686,859.4645,NECK,12831
2,-83.495186,183.96887,861.8688,LEFT_SHOULDER,12831
3,147.00388,182.22485,857.0602,RIGHT_SHOULDER,12831
4,-147.0165,-27.148712,932.4434,LEFT_ELBOW,12831
5,136.42284,-56.822403,965.8233,RIGHT_ELBOW,12831
6,-164.62514,-224.66757,760.8166,LEFT_HAND,12831
7,305.59894,-281.6418,916.77625,RIGHT_HAND,12831
8,30.675802,43.80419,858.2857,TORSO,12831
9,-43.700016,-94.93388,858.63605,LEFT_HIP,12831
10,102.89454,-96.04306,855.5778,RIGHT_HIP,12831
11,-48.80497,-402.92682,898.31244,LEFT_KNEE,12831
12,109.61288,-406.4395,863.8764,RIGHT_KNEE,12831
13,-22.551847,-686.53357,988.09344,LEFT_FOOT,12831
14,113.23905,-692.8745,948.2831,RIGHT_FOOT,12831
0,75.47722,283.87833,1028.3405,HEAD,12831
1,31.089333,185.20317,857.10626,NECK,12831
2,-84.096664,185.70221,860.1231,LEFT_SHOULDER,12831
3,146.27534,184.70412,854.0894,RIGHT_SHOULDER,12831
4,-146.53998,-26.149933,931.68463,LEFT_ELBOW,12831
5,136.30632,-56.841553,967.58826,RIGHT_ELBOW,12831
6,-159.1407,-229.85938,756.80725,LEFT_HAND,12831
7,309.05624,-279.94342,915.5164,RIGHT_HAND,12831
8,30.457733,43.170315,856.4873,TORSO,12831
9,-44.367622,-98.54109,857.8115,LEFT_HIP,12831
10,104.01989,-99.18399,853.9252,RIGHT_HIP,12831
11,-49.497406,-405.95093,901.7755,LEFT_KNEE,12831
12,110.989044,-409.51077,864.3494,RIGHT_KNEE,12831
13,-22.350376,-691.6492,984.3721,LEFT_FOOT,12831
14,114.786766,-697.03345,944.96533,RIGHT_FOOT,12831
0,75.65834,284.23062,1027.5598,HEAD,12831
1,30.73035,186.78685,855.52,NECK,12831
2,-84.903404,187.01987,857.28455,LEFT_SHOULDER,12831
3,146.36409,186.55383,853.7555,RIGHT_SHOULDER,12831
4,-146.72098,-25.33046,930.58234,LEFT_ELBOW,12831
5,136.46674,-57.089584,969.1062,RIGHT_ELBOW,12831
6,-162.19498,-224.58409,759.8639,LEFT_HAND,12831
7,304.18884,-277.84705,924.20184,RIGHT_HAND,12831
8,30.454891,43.53102,856.3872,TORSO,12831
9,-44.133015,-99.57506,858.38837,LEFT_HIP,12831
10,104.491875,-99.87456,856.1204,RIGHT_HIP,12831
11,-49.47244,-406.55292,905.25,LEFT_KNEE,12831
12,111.829956,-410.2563,864.44446,RIGHT_KNEE,12831
13,-21.070082,-693.90784,981.4281,LEFT_FOOT,12831
14,116.30021,-698.5172,942.3439,RIGHT_FOOT,12831
0,75.079636,284.45758,1026.4993,HEAD,12831
1,30.744896,186.80222,854.6179,NECK,12831
2,-85.43255,186.95622,855.2437,LEFT_SHOULDER,12831
3,146.92233,186.6482,853.9921,RIGHT_SHOULDER,12831
4,-147.77837,-28.159348,928.71765,LEFT_ELBOW,12831
5,136.41927,-56.076126,969.74243,RIGHT_ELBOW,12831
6,-159.04707,-228.98483,757.0335,LEFT_HAND,12831
7,306.75674,-277.0669,921.56573,RIGHT_HAND,12831
8,30.563847,43.273354,856.33527,TORSO,12831
9,-43.693306,-100.157295,858.45166,LEFT_HIP,12831
10,104.4589,-100.35371,857.65356,RIGHT_HIP,12831
11,-49.18775,-407.00424,906.1453,LEFT_KNEE,12831
12,113.654686,-410.71082,864.992,RIGHT_KNEE,12831
13,-19.121567,-695.36676,977.73956,LEFT_FOOT,12831
14,118.1811,-699.8257,939.65625,RIGHT_FOOT,12831
0,74.67924,284.682,1025.9121,HEAD,12831
1,30.360456,186.04462,854.685,NECK,12831
2,-85.87209,185.80246,853.9059,LEFT_SHOULDER,12831
3,146.59302,186.28677,855.4641,RIGHT_SHOULDER,12831
4,-148.51895,-30.682205,928.30066,LEFT_ELBOW,12831
5,136.51892,-54.482574,970.31714,RIGHT_ELBOW,12831
6,-160.24306,-230.86856,762.1733,LEFT_HAND,12831
7,302.94702,-276.08258,919.9145,RIGHT_HAND,12831
8,30.646887,42.14496,856.6784,TORSO,12831
9,-42.817726,-101.908356,858.1775,LEFT_HIP,12831
10,104.684364,-101.60104,859.16614,RIGHT_HIP,12831
11,-48.667343,-408.5442,907.1693,LEFT_KNEE,12831
12,115.06119,-411.92514,866.32306,RIGHT_KNEE,12831
13,-18.598486,-697.73114,975.356,LEFT_FOOT,12831
14,120.02455,-700.60345,942.6307,RIGHT_FOOT,12831
0,74.42356,284.411,1022.355,HEAD,12831
1,30.165152,187.18127,853.89264,NECK,12831
2,-86.076225,186.75705,853.0504,LEFT_SHOULDER,12831
3,146.40654,187.60551,854.73486,RIGHT_SHOULDER,12831
4,-148.14766,-29.852264,928.36523,LEFT_ELBOW,12831
5,136.63168,-54.828735,970.19055,RIGHT_ELBOW,12831
6,-159.99055,-231.82375,746.641,LEFT_HAND,12831
7,304.6256,-282.7818,916.60236,RIGHT_HAND,12831
8,30.677546,42.152824,856.22186,TORSO,12831
9,-42.73087,-103.14541,858.0155,LEFT_HIP,12831
10,105.11074,-102.60586,859.0867,RIGHT_HIP,12831
11,-50.53481,-409.65015,907.55225,LEFT_KNEE,12831
12,116.47296,-412.9031,865.90314,RIGHT_KNEE,12831
13,-18.814262,-699.10754,973.81586,LEFT_FOOT,12831
14,122.19568,-701.0261,944.2295,RIGHT_FOOT,12831
0,74.42112,284.5353,1022.9307,HEAD,12831
1,30.333467,187.52277,854.50385,NECK,12831
2,-86.19667,187.0824,853.06934,LEFT_SHOULDER,12831
3,146.8636,187.96312,855.93835,RIGHT_SHOULDER,12831
4,-148.35959,-30.1736,929.5178,LEFT_ELBOW,12831
5,133.78062,-49.32448,965.67865,RIGHT_ELBOW,12831
6,-163.72057,-229.95155,754.43616,LEFT_HAND,12831
7,308.9868,-280.83154,908.7965,RIGHT_HAND,12831
8,30.863834,42.188484,856.0335,TORSO,12831
9,-43.326298,-103.42816,856.6434,LEFT_HIP,12831
10,106.1147,-102.86342,858.483,RIGHT_HIP,12831
11,-50.836704,-409.81198,906.967,LEFT_KNEE,12831
12,117.037544,-413.15405,866.2508,RIGHT_KNEE,12831
13,-19.632996,-699.59155,972.0577,LEFT_FOOT,12831
14,123.403534,-701.4426,943.9155,RIGHT_FOOT,12831
0,75.08761,284.56046,1020.4871,HEAD,12831
1,30.23715,189.00891,853.9579,NECK,12831
2,-86.21792,188.67195,852.8647,LEFT_SHOULDER,12831
3,146.69223,189.34589,855.0511,RIGHT_SHOULDER,12831
4,-148.10141,-27.925903,931.23035,LEFT_ELBOW,12831
5,128.25319,-44.0804,957.8305,RIGHT_ELBOW,12831
6,-162.47214,-226.70241,752.5081,LEFT_HAND,12831
7,302.19757,-277.01044,918.0115,RIGHT_HAND,12831
8,30.646057,43.075935,855.3785,TORSO,12831
9,-43.80468,-103.073654,856.0964,LEFT_HIP,12831
10,105.914604,-102.64044,857.5018,RIGHT_HIP,12831
11,-51.03663,-409.43396,906.6042,LEFT_KNEE,12831
12,116.2046,-412.98346,863.92725,RIGHT_KNEE,12831
13,-21.810732,-698.99084,973.5766,LEFT_FOOT,12831
14,124.10189,-700.87006,942.9311,RIGHT_FOOT,12831
0,75.25405,284.51227,1019.1928,HEAD,12831
1,30.032278,190.1407,853.52545,NECK,12831
2,-86.50144,189.75172,852.0848,LEFT_SHOULDER,12831
3,146.566,190.5297,854.9661,RIGHT_SHOULDER,12831
4,-147.63876,-27.273148,932.0819,LEFT_ELBOW,12831
5,123.35096,-40.39131,951.4029,RIGHT_ELBOW,12831
6,-163.8879,-229.00908,755.5546,LEFT_HAND,12831
7,303.4497,-273.6191,924.4774,RIGHT_HAND,12831
8,30.500597,43.644245,855.1964,TORSO,12831
9,-43.74455,-103.1016,855.9437,LEFT_HIP,12831
10,105.68237,-102.60283,857.791,RIGHT_HIP,12831
11,-50.882454,-409.5328,906.0327,LEFT_KNEE,12831
12,115.75913,-412.97455,863.06415,RIGHT_KNEE,12831
13,-23.673498,-698.77625,975.1741,LEFT_FOOT,12831
14,124.39386,-700.55365,943.1038,RIGHT_FOOT,12831
0,74.45436,284.54608,1019.96674,HEAD,12831
1,29.604233,190.6367,852.6351,NECK,12831
2,-86.84639,190.09099,851.2699,LEFT_SHOULDER,12831
3,146.05486,191.18242,854.00024,RIGHT_SHOULDER,12831
4,-148.10138,-27.896652,931.38995,LEFT_ELBOW,12831
5,121.984764,-38.336166,948.93805,RIGHT_ELBOW,12831
6,-161.07935,-231.28482,750.4436,LEFT_HAND,12831
7,312.28082,-281.30396,917.0691,RIGHT_HAND,12831
8,30.27483,43.86444,854.10236,TORSO,12831
9,-44.108955,-103.25955,854.68976,LEFT_HIP,12831
10,105.9998,-102.55609,856.4495,RIGHT_HIP,12831
11,-50.52036,-409.60593,905.3923,LEFT_KNEE,12831
12,115.70426,-412.95,861.0743,RIGHT_KNEE,12831
13,-24.941715,-698.51514,976.52484,LEFT_FOOT,12831
14,124.79259,-699.9087,943.26166,RIGHT_FOOT,12831
0,75.16408,284.16522,1019.45496,HEAD,12831
1,29.382826,190.44466,851.69556,NECK,12831
2,-87.02092,189.81995,849.9778,LEFT_SHOULDER,12831
3,145.78656,191.06937,853.4133,RIGHT_SHOULDER,12831
4,-147.9888,-29.501968,929.95526,LEFT_ELBOW,12831
5,122.505974,-37.941513,950.0145,RIGHT_ELBOW,12831
6,-161.41693,-228.19872,752.9336,LEFT_HAND,12831
7,308.11325,-277.4594,915.39557,RIGHT_HAND,12831
8,30.145367,43.404613,853.4958,TORSO,12831
9,-44.088585,-104.03791,854.18933,LEFT_HIP,12831
10,105.9044,-103.23294,856.4027,RIGHT_HIP,12831
11,-50.157196,-410.20544,906.0021,LEFT_KNEE,12831
12,116.19244,-413.61948,860.18384,RIGHT_KNEE,12831
13,-25.66017,-699.0356,977.8331,LEFT_FOOT,12831
14,125.19538,-700.60376,942.2911,RIGHT_FOOT,12831
0,75.26123,283.82632,1018.58875,HEAD,12831
1,29.46048,190.21085,850.4753,NECK,12831
2,-87.00468,189.43813,848.03326,LEFT_SHOULDER,12831
3,145.92564,190.98357,852.9173,RIGHT_SHOULDER,12831
4,-147.65384,-30.325546,928.6432,LEFT_ELBOW,12831
5,123.20915,-38.27281,951.3698,RIGHT_ELBOW,12831
6,-161.85892,-231.05162,751.6882,LEFT_HAND,12831
7,304.78552,-273.34998,917.04987,RIGHT_HAND,12831
8,30.398596,42.760513,852.3912,TORSO,12831
9,-44.07797,-105.190186,852.72577,LEFT_HIP,12831
10,106.751396,-104.18945,855.88837,RIGHT_HIP,12831
11,-49.616486,-411.03848,906.4482,LEFT_KNEE,12831
12,116.859795,-414.58334,859.54816,RIGHT_KNEE,12831
13,-25.63414,-699.96704,978.05664,LEFT_FOOT,12831
14,125.2499,-701.42236,942.2261,RIGHT_FOOT,12831
0,75.45641,283.65964,1018.4199,HEAD,12831
1,29.127895,190.81358,848.1878,NECK,12831
2,-87.051544,189.9386,846.2155,LEFT_SHOULDER,12831
3,145.30733,191.68857,850.1601,RIGHT_SHOULDER,12831
4,-146.80568,-31.490189,927.409,LEFT_ELBOW,12831
5,123.99622,-43.722595,950.25,RIGHT_ELBOW,12831
6,-162.62444,-230.47859,751.1275,LEFT_HAND,12831
7,301.8404,-272.67477,921.94684,RIGHT_HAND,12831
8,30.194164,42.92859,850.9851,TORSO,12831
9,-44.52129,-105.527145,852.4959,LEFT_HIP,12831
10,107.04216,-104.385666,855.0689,RIGHT_HIP,12831
11,-49.077972,-411.26782,906.9185,LEFT_KNEE,12831
12,117.7058,-414.7614,858.6888,RIGHT_KNEE,12831
13,-26.069815,-700.11206,979.18384,LEFT_FOOT,12831
14,125.40052,-701.31506,942.4172,RIGHT_FOOT,12831
0,75.041824,283.3891,1018.8159,HEAD,12831
1,28.107998,190.87283,842.68823,NECK,12831
2,-87.141136,189.86862,843.73676,LEFT_SHOULDER,12831
3,143.35715,191.87706,841.6397,RIGHT_SHOULDER,12831
4,-146.0055,-34.300644,925.12616,LEFT_ELBOW,12831
5,121.85491,-40.61978,948.9011,RIGHT_ELBOW,12831
6,-159.07304,-234.56738,751.55,LEFT_HAND,12831
7,301.02945,-272.25424,919.27747,RIGHT_HAND,12831
8,29.450825,42.637413,848.3165,TORSO,12831
9,-45.338688,-106.26138,854.63745,LEFT_HIP,12831
10,106.92599,-104.93465,853.2522,RIGHT_HIP,12831
11,-48.967766,-411.94092,909.4716,LEFT_KNEE,12831
12,118.88991,-415.25977,857.14276,RIGHT_KNEE,12831
13,-26.906916,-700.80835,981.9395,LEFT_FOOT,12831
14,125.91249,-701.4823,942.0544,RIGHT_FOOT,12831
0,75.73363,282.64084,1018.0266,HEAD,12831
1,28.228352,192.34662,842.5637,NECK,12831
2,-87.552124,191.52017,843.72656,LEFT_SHOULDER,12831
3,144.00883,193.1731,841.4009,RIGHT_SHOULDER,12831
4,-145.88173,-34.200607,926.40454,LEFT_ELBOW,12831
5,121.51158,-40.85092,947.19745,RIGHT_ELBOW,12831
6,-161.12054,-227.97665,758.67596,LEFT_HAND,12831
7,306.0172,-275.28125,911.43384,RIGHT_HAND,12831
8,29.343683,43.530678,847.8485,TORSO,12831
9,-45.857178,-105.83003,853.8998,LEFT_HIP,12831
10,106.77521,-104.74051,852.3668,RIGHT_HIP,12831
11,-49.13704,-411.59735,908.2646,LEFT_KNEE,12831
12,119.60129,-415.01123,857.611,RIGHT_KNEE,12831
13,-27.890974,-700.37427,981.3339,LEFT_FOOT,12831
14,126.31721,-701.06506,943.1139,RIGHT_FOOT,12831
0,76.29113,281.9562,1018.54364,HEAD,12831
1,27.701082,194.39172,839.9336,NECK,12831
2,-87.99982,193.52014,842.44183,LEFT_SHOULDER,12831
3,143.40198,195.2633,837.42535,RIGHT_SHOULDER,12831
4,-145.45132,-35.362732,937.04736,LEFT_ELBOW,12831
5,118.93552,-33.957275,945.3885,RIGHT_ELBOW,12831
6,-159.8099,-228.87724,756.6044,LEFT_HAND,12831
7,305.74707,-281.10855,904.10474,RIGHT_HAND,12831
8,28.965454,45.055172,846.36505,TORSO,12831
9,-46.079674,-104.856224,854.4508,LEFT_HIP,12831
10,106.53933,-103.70653,851.1422,RIGHT_HIP,12831
11,-49.023823,-410.65924,908.6338,LEFT_KNEE,12831
12,120.52341,-413.93384,855.981,RIGHT_KNEE,12831
13,-28.55845,-699.4354,981.92865,LEFT_FOOT,12831
14,126.84931,-699.7826,942.19653,RIGHT_FOOT,12831
0,76.80128,281.64325,1018.5865,HEAD,12831
1,27.285692,195.32428,836.8716,NECK,12831
2,-88.211624,194.49594,841.4851,LEFT_SHOULDER,12831
3,142.783,196.15262,832.25806,RIGHT_SHOULDER,12831
4,-143.85397,-36.17253,932.6532,LEFT_ELBOW,12831
5,111.719734,-16.575699,944.9452,RIGHT_ELBOW,12831
6,-196.14154,-191.20924,821.45685,LEFT_HAND,12831
7,299.84213,-267.6692,926.32947,RIGHT_HAND,12831
8,28.67109,46.38005,844.8128,TORSO,12831
9,-46.20606,-103.11112,855.8003,LEFT_HIP,12831
10,106.31903,-102.017235,849.70776,RIGHT_HIP,12831
11,-48.409798,-409.02304,909.40045,LEFT_KNEE,12831
12,121.16695,-412.215,853.8098,RIGHT_KNEE,12831
13,-28.482824,-697.7593,983.0005,LEFT_FOOT,12831
14,127.05436,-698.00916,940.23724,RIGHT_FOOT,12831
0,76.27683,281.3756,1019.3846,HEAD,12831
1,27.166206,196.59218,838.3695,NECK,12831
2,-88.414505,195.72926,842.25165,LEFT_SHOULDER,12831
3,142.7469,197.45508,834.48737,RIGHT_SHOULDER,12831
4,-143.47966,-36.219925,933.03,LEFT_ELBOW,12831
5,105.91039,-0.7130127,942.0375,RIGHT_ELBOW,12831
6,-149.39838,-227.46233,745.6398,LEFT_HAND,12831
7,251.86621,-192.1849,881.1581,RIGHT_HAND,12831
8,28.532475,47.42523,845.89087,TORSO,12831
9,-46.102386,-102.30913,855.96497,LEFT_HIP,12831
10,105.89987,-101.1743,850.8595,RIGHT_HIP,12831
11,-47.890522,-408.33807,908.9088,LEFT_KNEE,12831
12,121.28003,-411.36,853.73444,RIGHT_KNEE,12831
13,-28.454792,-696.9934,982.956,LEFT_FOOT,12831
14,126.79897,-697.17395,940.1205,RIGHT_FOOT,12831
0,76.49525,282.049,1018.8877,HEAD,12831
1,27.774742,197.42764,838.7866,NECK,12831
2,-86.589775,196.9856,843.0657,LEFT_SHOULDER,12831
3,142.13925,197.86969,834.50757,RIGHT_SHOULDER,12831
4,-143.20718,-34.540558,933.1147,LEFT_ELBOW,12831
5,103.24187,2.637436,934.3245,RIGHT_ELBOW,12831
6,-144.1898,-224.71753,741.29736,LEFT_HAND,12831
7,295.3772,-257.7505,915.7778,RIGHT_HAND,12831
8,28.626116,48.23014,846.1287,TORSO,12831
9,-46.561287,-101.26128,856.31586,LEFT_HIP,12831
10,105.51626,-100.67346,850.6258,RIGHT_HIP,12831
11,-48.039238,-406.90576,911.44476,LEFT_KNEE,12831
12,121.15343,-410.8543,852.43494,RIGHT_KNEE,12831
13,-28.332888,-696.10425,983.26776,LEFT_FOOT,12831
14,126.47398,-696.76776,938.5037,RIGHT_FOOT,12831
0,75.357574,282.45233,1020.04614,HEAD,12831
1,27.244993,198.9848,838.99255,NECK,12831
2,-86.79632,199.14583,844.3489,LEFT_SHOULDER,12831
3,141.2863,198.82378,833.6362,RIGHT_SHOULDER,12831
4,-142.90894,-32.941498,934.09686,LEFT_ELBOW,12831
5,100.41938,7.652878,927.61926,RIGHT_ELBOW,12831
6,-141.86478,-226.06667,722.62994,LEFT_HAND,12831
7,256.58405,-202.94775,883.5762,RIGHT_HAND,12831
8,27.433628,49.661026,847.4984,TORSO,12831
9,-49.40039,-99.55399,859.6219,LEFT_HIP,12831
10,104.64492,-99.77151,852.38666,RIGHT_HIP,12831
11,-51.286396,-405.94574,911.59344,LEFT_KNEE,12831
12,119.366394,-410.19626,852.89716,RIGHT_KNEE,12831
13,-28.835506,-695.1475,983.3737,LEFT_FOOT,12831
14,125.49294,-696.908,936.8789,RIGHT_FOOT,12831
0,75.00139,282.8014,1021.1447,HEAD,12831
1,26.565989,199.72002,837.7976,NECK,12831
2,-86.90024,199.81277,843.7112,LEFT_SHOULDER,12831
3,140.03221,199.62727,831.88403,RIGHT_SHOULDER,12831
4,-141.48257,-31.623825,936.1466,LEFT_ELBOW,12831
5,97.75845,10.89093,929.3982,RIGHT_ELBOW,12831
6,-139.5128,-217.22142,728.8553,LEFT_HAND,12831
7,289.1112,-241.7034,899.78723,RIGHT_HAND,12831
8,26.948483,49.61339,847.49146,TORSO,12831
9,-49.002422,-100.43084,861.16364,LEFT_HIP,12831
10,103.66437,-100.55563,853.207,RIGHT_HIP,12831
11,-53.05729,-406.70758,913.68634,LEFT_KNEE,12831
12,117.95274,-410.9944,851.1746,RIGHT_KNEE,12831
13,-27.933147,-695.8324,984.8885,LEFT_FOOT,12831
14,124.08428,-698.0415,934.0027,RIGHT_FOOT,12831
0,75.90665,282.92114,1021.047,HEAD,12831
1,25.861687,201.38547,840.7283,NECK,12831
2,-86.93411,201.3292,845.253,LEFT_SHOULDER,12831
3,138.65749,201.44174,836.20355,RIGHT_SHOULDER,12831
4,-142.63303,-29.39824,936.4736,LEFT_ELBOW,12831
5,99.73509,14.082993,933.02374,RIGHT_ELBOW,12831
6,-134.29395,-207.40794,720.84625,LEFT_HAND,12831
7,297.11597,-238.94551,899.2516,RIGHT_HAND,12831
8,26.295631,50.103783,849.6651,TORSO,12831
9,-49.339348,-101.21585,861.6534,LEFT_HIP,12831
10,102.7985,-101.13994,855.5505,RIGHT_HIP,12831
11,-53.008785,-407.45264,914.43677,LEFT_KNEE,12831
12,115.70399,-411.63977,853.60223,RIGHT_KNEE,12831
13,-27.250086,-696.72296,984.8163,LEFT_FOOT,12831
14,120.16431,-698.10486,938.52545,RIGHT_FOOT,12831
0,76.117455,282.73328,1020.5077,HEAD,12831
1,26.460638,200.662,841.6889,NECK,12831
2,-87.24855,200.65442,845.2079,LEFT_SHOULDER,12831
3,140.16982,200.6696,838.1699,RIGHT_SHOULDER,12831
4,-143.475,-29.912384,936.7725,LEFT_ELBOW,12831
5,101.73119,11.334305,939.3824,RIGHT_ELBOW,12831
6,-137.37859,-209.65157,722.3311,LEFT_HAND,12831
7,291.928,-204.41815,894.60144,RIGHT_HAND,12831
8,26.74974,49.286304,850.7049,TORSO,12831
9,-49.16947,-102.09448,862.0793,LEFT_HIP,12831
10,103.247154,-102.084305,857.3625,RIGHT_HIP,12831
11,-53.022102,-408.30096,915.0251,LEFT_KNEE,12831
12,115.556305,-412.6142,857.79034,RIGHT_KNEE,12831
13,-26.346394,-697.4546,985.5424,LEFT_FOOT,12831
14,117.86646,-699.0632,942.8536,RIGHT_FOOT,12831
0,76.27074,282.0864,1021.1371,HEAD,12831
1,26.400055,201.2281,841.3084,NECK,12831
2,-87.61708,200.90599,844.7819,LEFT_SHOULDER,12831
3,140.41719,201.55022,837.8349,RIGHT_SHOULDER,12831
4,-135.24788,-46.50267,934.1456,LEFT_ELBOW,12831
5,103.253265,12.881271,942.8274,RIGHT_ELBOW,12831
6,-148.44585,-218.001,729.58923,LEFT_HAND,12831
7,292.2699,-182.34163,890.384,RIGHT_HAND,12831
8,27.11402,49.257217,850.65186,TORSO,12831
9,-48.88,-102.93038,862.3322,LEFT_HIP,12831
10,104.53597,-102.496956,857.6584,RIGHT_HIP,12831
11,-52.77855,-409.05612,915.73944,LEFT_KNEE,12831
12,116.35056,-413.03433,860.3868,RIGHT_KNEE,12831
13,-24.804153,-698.0542,986.3911,LEFT_FOOT,12831
14,117.50391,-699.45654,945.5634,RIGHT_FOOT,12831
0,76.581894,281.42273,1022.5077,HEAD,12831
1,24.945965,203.8537,842.73145,NECK,12831
2,-88.60961,202.66335,844.18176,LEFT_SHOULDER,12831
3,138.50154,205.04407,841.2811,RIGHT_SHOULDER,12831
4,-139.32623,-37.087708,938.2696,LEFT_ELBOW,12831
5,130.9036,40.944992,974.93567,RIGHT_ELBOW,12831
6,-145.94978,-211.96313,728.24677,LEFT_HAND,12831
7,295.11633,-162.06384,890.251,RIGHT_HAND,12831
8,26.671892,51.753716,853.0307,TORSO,12831
9,-48.17997,-101.14901,864.308,LEFT_HIP,12831
10,104.97561,-99.54354,862.3519,RIGHT_HIP,12831
11,-51.530453,-407.41483,916.9438,LEFT_KNEE,12831
12,118.10491,-410.02756,859.55597,RIGHT_KNEE,12831
13,-22.48872,-696.2525,987.82025,LEFT_FOOT,12831
14,120.76965,-696.0524,946.0244,RIGHT_FOOT,12831
0,76.8143,281.0774,1022.959,HEAD,12831
1,23.77488,209.0315,844.744,NECK,12831
2,-90.179565,207.90823,845.4929,LEFT_SHOULDER,12831
3,137.72932,210.15477,843.9951,RIGHT_SHOULDER,12831
4,-137.2744,-43.391006,938.7514,LEFT_ELBOW,12831
5,136.67935,56.132233,990.59955,RIGHT_ELBOW,12831
6,-144.31526,-213.89996,726.6688,LEFT_HAND,12831
7,296.54486,-134.19142,855.70984,RIGHT_HAND,12831
8,25.356482,55.91988,855.7566,TORSO,12831
9,-49.41126,-97.94432,867.27094,LEFT_HIP,12831
10,103.28743,-96.43915,866.2674,RIGHT_HIP,12831
11,-51.126915,-404.5927,917.7123,LEFT_KNEE,12831
12,118.66694,-406.78983,861.1243,RIGHT_KNEE,12831
13,-21.12845,-693.4126,988.26196,LEFT_FOOT,12831
14,122.41283,-691.72626,951.07605,RIGHT_FOOT,12831
0,77.07113,280.7735,1023.7899,HEAD,12831
1,23.268665,211.31267,847.0973,NECK,12831
2,-91.12306,211.12668,846.2919,LEFT_SHOULDER,12831
3,137.6604,211.49866,847.9027,RIGHT_SHOULDER,12831
4,-139.57816,-38.893875,939.0424,LEFT_ELBOW,12831
5,141.7309,58.70642,1002.3588,RIGHT_ELBOW,12831
6,-144.76517,-216.2086,726.7229,LEFT_HAND,12831
7,297.30533,-109.219315,858.4622,RIGHT_HAND,12831
8,23.441216,60.810562,857.3406,TORSO,12831
9,-49.90833,-89.81108,867.0662,LEFT_HIP,12831
10,97.135864,-89.57201,868.1015,RIGHT_HIP,12831
11,-50.50652,-396.4732,917.4498,LEFT_KNEE,12831
12,118.26474,-399.60364,864.2982,RIGHT_KNEE,12831
13,-19.841206,-685.24634,987.9041,LEFT_FOOT,12831
14,122.84498,-683.69525,956.846,RIGHT_FOOT,12831
0,76.701355,281.0434,1025.2352,HEAD,12831
1,22.959385,218.44666,855.32355,NECK,12831
2,-92.91201,220.03798,851.34894,LEFT_SHOULDER,12831
3,138.83076,216.85535,859.29816,RIGHT_SHOULDER,12831
4,-141.77863,-33.157608,942.73615,LEFT_ELBOW,12831
5,151.50784,59.69182,1020.09393,RIGHT_ELBOW,12831
6,-140.8265,-195.88252,728.26556,LEFT_HAND,12831
7,297.5404,-91.742294,856.6068,RIGHT_HAND,12831
8,20.71165,70.48165,861.6099,TORSO,12831
9,-52.925472,-76.50294,865.4475,LEFT_HIP,12831
10,89.85331,-78.46378,870.3451,RIGHT_HIP,12831
11,-50.364483,-383.52524,913.523,LEFT_KNEE,12831
12,118.1582,-387.94617,870.4138,RIGHT_KNEE,12831
13,-18.96018,-671.7743,985.77527,LEFT_FOOT,12831
14,123.28484,-671.67523,964.0389,RIGHT_FOOT,12831
0,76.30272,280.9963,1026.5454,HEAD,12831
1,21.62033,222.02438,867.1046,NECK,12831
2,-94.55896,222.79495,854.18695,LEFT_SHOULDER,12831
3,137.79962,221.25381,880.0223,RIGHT_SHOULDER,12831
4,-143.08229,-36.61081,945.27594,LEFT_ELBOW,12831
5,148.35172,63.825073,1021.76495,RIGHT_ELBOW,12831
6,-203.50587,-212.31427,823.8943,LEFT_HAND,12831
7,299.23352,-73.08183,858.4779,RIGHT_HAND,12831
8,20.418486,74.976616,869.14197,TORSO,12831
9,-52.276215,-71.59696,863.2302,LEFT_HIP,12831
10,90.7095,-72.54533,879.1284,RIGHT_HIP,12831
11,-49.129177,-379.94217,911.77606,LEFT_KNEE,12831
12,127.940125,-382.3317,888.5951,RIGHT_KNEE,12831
13,-17.72703,-668.13684,989.5553,LEFT_FOOT,12831
14,127.06744,-672.0774,966.9436,RIGHT_FOOT,12831
0,76.11676,281.27942,1027.6321,HEAD,12831
1,18.367096,222.3464,878.85376,NECK,12831
2,-96.52419,222.48236,859.708,LEFT_SHOULDER,12831
3,133.25839,222.21042,897.9995,RIGHT_SHOULDER,12831
4,-143.51767,-42.04904,949.368,LEFT_ELBOW,12831
5,147.26398,67.237946,1015.37634,RIGHT_ELBOW,12831
6,-117.57546,-140.38121,716.5338,LEFT_HAND,12831
7,302.37848,-57.645905,862.6532,RIGHT_HAND,12831
8,18.589573,78.57685,876.4976,TORSO,12831
9,-53.640327,-65.10695,862.0679,LEFT_HIP,12831
10,91.26443,-65.27844,886.2151,RIGHT_HIP,12831
11,-47.55453,-373.826,907.8813,LEFT_KNEE,12831
12,134.48726,-374.30533,895.02,RIGHT_KNEE,12831
13,-15.239166,-660.2897,991.46454,LEFT_FOOT,12831
14,126.01591,-664.8781,969.77014,RIGHT_FOOT,12831
0,76.34166,281.42627,1028.5585,HEAD,12831
1,15.901412,225.56992,886.866,NECK,12831
2,-98.308426,223.84563,865.46783,LEFT_SHOULDER,12831
3,130.11125,227.29419,908.2642,RIGHT_SHOULDER,12831
4,-118.996414,-94.1136,917.46796,LEFT_ELBOW,12831
5,148.39145,70.815674,1011.7195,RIGHT_ELBOW,12831
6,-180.40686,-275.17123,735.4578,LEFT_HAND,12831
7,298.54047,-43.836624,859.55,RIGHT_HAND,12831
8,18.92922,84.63892,882.0619,TORSO,12831
9,-54.07193,-57.43991,863.0131,LEFT_HIP,12831
10,97.98599,-55.14421,891.5024,RIGHT_HIP,12831
11,-47.42031,-366.76294,904.4663,LEFT_KNEE,12831
12,135.69322,-364.9842,896.05505,RIGHT_KNEE,12831
13,-14.786968,-652.12354,991.62274,LEFT_FOOT,12831
14,124.62593,-654.638,973.9655,RIGHT_FOOT,12831
0,76.66986,281.02002,1029.7273,HEAD,12831
1,13.706463,229.08774,890.4912,NECK,12831
2,-99.63788,225.38586,867.47156,LEFT_SHOULDER,12831
3,127.050804,232.78961,913.51086,RIGHT_SHOULDER,12831
4,-120.99402,-97.12793,918.5139,LEFT_ELBOW,12831
5,147.88217,76.69528,1020.592,RIGHT_ELBOW,12831
6,-195.41797,-123.85388,843.96875,LEFT_HAND,12831
7,294.73425,-41.955322,861.7941,RIGHT_HAND,12831
8,19.139929,87.31436,886.53705,TORSO,12831
9,-52.63867,-56.980797,866.9015,LEFT_HIP,12831
10,101.78546,-51.937233,898.2643,RIGHT_HIP,12831
11,-46.5582,-366.96906,904.62537,LEFT_KNEE,12831
12,135.91031,-362.29242,890.02014,RIGHT_KNEE,12831
13,-13.459694,-651.57135,994.6202,LEFT_FOOT,12831
14,124.816925,-651.344,970.7616,RIGHT_FOOT,12831
0,77.710846,280.5855,1030.4686,HEAD,12831
1,13.513071,231.29703,889.7086,NECK,12831
2,-99.3984,226.10739,866.8742,LEFT_SHOULDER,12831
3,126.424545,236.48666,912.543,RIGHT_SHOULDER,12831
4,-129.90416,-88.07364,930.5546,LEFT_ELBOW,12831
5,138.87143,80.9904,1043.5549,RIGHT_ELBOW,12831
6,-176.32884,-276.17206,733.3651,LEFT_HAND,12831
7,299.98218,-48.71826,875.9352,RIGHT_HAND,12831
8,20.642601,88.013374,887.01904,TORSO,12831
9,-49.677925,-58.830048,868.6665,LEFT_HIP,12831
10,105.22219,-51.710526,899.99243,RIGHT_HIP,12831
11,-45.98951,-368.76486,907.1324,LEFT_KNEE,12831
12,137.39687,-362.05328,885.67676,RIGHT_KNEE,12831
13,-12.544888,-652.8063,998.7566,LEFT_FOOT,12831
14,125.75144,-649.808,970.85114,RIGHT_FOOT,12831
0,78.66835,280.1237,1031.7224,HEAD,12831
1,12.492029,232.48349,891.9569,NECK,12831
2,-100.3318,225.23155,870.91614,LEFT_SHOULDER,12831
3,125.315865,239.73543,912.9977,RIGHT_SHOULDER,12831
4,-131.73225,-92.52568,932.71716,LEFT_ELBOW,12831
5,137.4382,80.11359,1030.2896,RIGHT_ELBOW,12831
6,-90.53415,-49.210922,704.7616,LEFT_HAND,12831
7,306.13947,-83.73749,934.03687,RIGHT_HAND,12831
8,22.280962,87.65625,889.3836,TORSO,12831
9,-39.320236,-61.759712,873.4966,LEFT_HIP,12831
10,103.46002,-52.582268,900.124,RIGHT_HIP,12831
11,-44.305523,-372.28207,906.7203,LEFT_KNEE,12831
12,137.61519,-362.68192,885.1425,RIGHT_KNEE,12831
13,-10.217201,-656.4574,997.6897,LEFT_FOOT,12831
14,125.76621,-649.0608,974.8072,RIGHT_FOOT,12831
0,79.52472,280.65955,1033.5531,HEAD,12831
1,12.0706415,234.23898,893.3915,NECK,12831
2,-100.52642,226.78653,871.03394,LEFT_SHOULDER,12831
3,124.667694,241.69144,915.749,RIGHT_SHOULDER,12831
4,-108.616776,-80.57379,931.6198,LEFT_ELBOW,12831
5,140.46773,79.87846,1027.1013,RIGHT_ELBOW,12831
6,-187.05151,-94.62725,843.1356,LEFT_HAND,12831
7,290.73145,-64.57855,868.8111,RIGHT_HAND,12831
8,22.31591,88.96725,890.21783,TORSO,12831
9,-41.42932,-61.2017,872.3525,LEFT_HIP,12831
10,106.55168,-51.407295,901.7359,RIGHT_HIP,12831
11,-44.409744,-371.62057,907.4969,LEFT_KNEE,12831
12,137.48315,-361.73087,883.1233,RIGHT_KNEE,12831
13,-9.737991,-655.69135,998.83136,LEFT_FOOT,12831
14,126.26195,-646.92365,976.8222,RIGHT_FOOT,12831
0,79.85823,280.6708,1034.1075,HEAD,12831
1,10.950863,236.71239,894.6593,NECK,12831
2,-100.95601,228.75116,868.8403,LEFT_SHOULDER,12831
3,122.85774,244.67361,920.47833,RIGHT_SHOULDER,12831
4,-88.74891,-61.416992,927.75415,LEFT_ELBOW,12831
5,141.69229,81.52243,1024.3916,RIGHT_ELBOW,12831
6,-205.10728,-57.74499,855.1216,LEFT_HAND,12831
7,290.62527,-71.28157,864.27704,RIGHT_HAND,12831
8,22.202497,90.13136,891.08954,TORSO,12831
9,-41.125183,-61.75535,870.3129,LEFT_HIP,12831
10,108.03345,-51.143974,904.7266,RIGHT_HIP,12831
11,-43.955536,-372.11908,905.95325,LEFT_KNEE,12831
12,135.91096,-362.07516,892.53864,RIGHT_KNEE,12831
13,-8.793037,-656.0387,997.5695,LEFT_FOOT,12831
14,125.500374,-648.692,981.88446,RIGHT_FOOT,12831
0,76.94265,283.58206,1043.7842,HEAD,12831
1,9.523812,232.461,903.47974,NECK,12831
2,-103.549126,225.40002,870.93787,LEFT_SHOULDER,12831
3,122.59675,239.52199,936.0216,RIGHT_SHOULDER,12831
4,-72.16999,-49.167053,933.16504,LEFT_ELBOW,12831
5,147.11392,85.98662,1024.9371,RIGHT_ELBOW,12831
6,-216.09427,-50.196457,893.2645,LEFT_HAND,12831
7,286.67175,-86.64114,858.45166,RIGHT_HAND,12831
8,21.182676,86.40394,894.6605,TORSO,12831
9,-39.840664,-64.191864,864.9237,LEFT_HIP,12831
10,105.52375,-55.114395,906.7589,RIGHT_HIP,12831
11,-43.050575,-374.41742,901.71643,LEFT_KNEE,12831
12,133.3045,-366.2791,903.8211,RIGHT_KNEE,12831
13,-7.56242,-658.1704,993.72253,LEFT_FOOT,12831
14,124.56445,-654.4538,988.1968,RIGHT_FOOT,12831
0,69.92639,285.54688,1064.1069,HEAD,12831
1,8.869983,230.8471,907.2613,NECK,12831
2,-104.71741,223.83948,871.0755,LEFT_SHOULDER,12831
3,122.45737,237.85474,943.4471,RIGHT_SHOULDER,12831
4,-81.33702,25.896835,916.19763,LEFT_ELBOW,12831
5,120.8894,99.61383,901.9283,RIGHT_ELBOW,12831
6,-283.10712,36.847275,885.655,LEFT_HAND,12831
7,287.22537,-96.185974,861.98834,RIGHT_HAND,12831
8,21.304413,84.884155,896.4964,TORSO,12831
9,-39.91152,-65.62257,862.26855,LEFT_HIP,12831
10,107.389206,-56.535027,909.19446,RIGHT_HIP,12831
11,-42.800537,-375.85132,900.21326,LEFT_KNEE,12831
12,131.32233,-368.17026,908.3274,RIGHT_KNEE,12831
13,-7.322201,-659.6782,992.4278,LEFT_FOOT,12831
14,128.49672,-657.5636,989.3427,RIGHT_FOOT,12831
0,74.370514,283.80707,1053.3551,HEAD,12831
1,30.945076,196.84473,966.5035,NECK,12831
2,-56.1875,192.92723,976.5162,LEFT_SHOULDER,12831
3,118.07765,200.7622,956.4908,RIGHT_SHOULDER,12831
4,-70.89724,-12.730194,927.4635,LEFT_ELBOW,12831
5,104.20613,46.768204,898.3235,RIGHT_ELBOW,12831
6,-210.36722,-1.6863499,866.0622,LEFT_HAND,12831
7,269.25867,-145.59122,878.7665,RIGHT_HAND,12831
8,32.071228,67.67257,925.76465,TORSO,12831
9,-42.00808,-64.88082,893.6679,LEFT_HIP,12831
10,108.40284,-58.11834,876.3837,RIGHT_HIP,12831
11,-44.476154,-374.32227,937.5993,LEFT_KNEE,12831
12,132.68237,-369.7272,877.0766,RIGHT_KNEE,12831
13,-10.295967,-658.6841,1028.6488,LEFT_FOOT,12831
14,131.36389,-658.8207,959.1933,RIGHT_FOOT,12831
0,75.87221,284.0351,1052.5741,HEAD,12831
1,28.267942,196.38586,991.2775,NECK,12831
2,-89.56098,180.19807,1023.4621,LEFT_SHOULDER,12831
3,146.09688,212.57364,959.09296,RIGHT_SHOULDER,12831
4,-184.68314,5.7631226,954.9136,LEFT_ELBOW,12831
5,103.405365,37.164124,897.0237,RIGHT_ELBOW,12831
6,-95.12075,58.878628,703.5658,LEFT_HAND,12831
7,282.66968,-149.86926,890.7244,RIGHT_HAND,12831
8,31.68581,68.2192,939.32684,TORSO,12831
9,-36.02311,-69.719124,906.8042,LEFT_HIP,12831
10,106.23046,-50.17579,867.9481,RIGHT_HIP,12831
11,-41.316402,-378.67017,953.82855,LEFT_KNEE,12831
12,129.2071,-361.87894,866.1439,RIGHT_KNEE,12831
13,-8.951458,-663.6454,1043.6149,LEFT_FOOT,12831
14,129.5259,-649.09375,954.617,RIGHT_FOOT,12831
0,77.142944,283.6067,1050.885,HEAD,12831
1,30.150223,201.12103,991.2244,NECK,12831
2,-92.16031,186.62456,1020.7823,LEFT_SHOULDER,12831
3,152.46075,215.61752,961.66656,RIGHT_SHOULDER,12831
4,-181.371,13.101822,964.60876,LEFT_ELBOW,12831
5,97.17582,34.6149,883.10803,RIGHT_ELBOW,12831
6,-108.840294,49.931305,741.26996,LEFT_HAND,12831
7,296.46045,-151.1613,892.6038,RIGHT_HAND,12831
8,33.17468,71.72585,940.27844,TORSO,12831
9,-34.732307,-66.07626,906.47394,LEFT_HIP,12831
10,107.130585,-49.262405,872.191,RIGHT_HIP,12831
11,-42.30135,-374.715,956.1959,LEFT_KNEE,12831
12,129.42807,-361.15533,868.57587,RIGHT_KNEE,12831
13,-11.242462,-660.02655,1045.8768,LEFT_FOOT,12831
14,127.585335,-647.63153,959.8884,RIGHT_FOOT,12831
0,78.301994,284.23935,1050.9766,HEAD,12831
1,26.737862,202.39725,987.5115,NECK,12831
2,-97.60659,187.60927,1012.8193,LEFT_SHOULDER,12831
3,151.08232,217.18521,962.2037,RIGHT_SHOULDER,12831
4,-185.39139,18.050812,975.9851,LEFT_ELBOW,12831
5,151.94717,16.662582,1000.0569,RIGHT_ELBOW,12831
6,-86.075195,49.606384,725.3261,LEFT_HAND,12831
7,297.3534,-143.44328,882.89655,RIGHT_HAND,12831
8,32.30437,73.39483,939.48193,TORSO,12831
9,-32.497475,-63.97632,905.7745,LEFT_HIP,12831
10,108.239235,-47.238846,877.1303,RIGHT_HIP,12831
11,-39.71959,-368.7065,982.6857,LEFT_KNEE,12831
12,151.36295,-357.17493,907.2623,RIGHT_KNEE,12831
13,-14.538355,-662.13043,1050.8057,LEFT_FOOT,12831
14,130.51611,-652.5989,967.7775,RIGHT_FOOT,12831
0,80.69499,283.93912,1052.0244,HEAD,12831
1,26.379482,195.09448,983.78613,NECK,12831
2,-102.44291,178.39517,1009.4172,LEFT_SHOULDER,12831
3,155.20186,211.79378,958.1551,RIGHT_SHOULDER,12831
4,-192.64676,23.313263,980.90216,LEFT_ELBOW,12831
5,182.85396,5.8936615,1031.5563,RIGHT_ELBOW,12831
6,-97.5258,38.92329,734.4834,LEFT_HAND,12831
7,306.61282,-137.96713,881.6745,RIGHT_HAND,12831
8,33.430393,69.95494,937.6924,TORSO,12831
9,-29.149464,-64.21086,905.45264,LEFT_HIP,12831
10,110.11207,-46.158325,877.7446,RIGHT_HIP,12831
11,-40.67656,-368.34045,982.08795,LEFT_KNEE,12831
12,145.50987,-354.69867,923.0274,RIGHT_KNEE,12831
13,-15.350342,-660.90955,1051.5956,LEFT_FOOT,12831
14,128.8876,-652.0328,971.8692,RIGHT_FOOT,12831
0,86.675545,283.0414,1055.056,HEAD,12831
1,28.15088,190.69344,980.71704,NECK,12831
2,-102.81503,173.96576,1005.3291,LEFT_SHOULDER,12831
3,159.11679,207.42111,956.105,RIGHT_SHOULDER,12831
4,-199.04575,28.570938,980.5718,LEFT_ELBOW,12831
5,191.01146,0.036514282,1043.5227,RIGHT_ELBOW,12831
6,-92.65945,27.54653,731.54333,LEFT_HAND,12831
7,315.87442,-130.79272,891.6543,RIGHT_HAND,12831
8,35.54413,67.51596,936.33997,TORSO,12831
9,-27.299303,-64.63252,905.1623,LEFT_HIP,12831
10,113.17406,-46.690506,878.7635,RIGHT_HIP,12831
11,-41.984028,-368.71484,981.44446,LEFT_KNEE,12831
12,147.33461,-355.4828,923.27203,RIGHT_KNEE,12831
13,-16.17611,-660.8843,1052.4401,LEFT_FOOT,12831
14,130.58319,-652.3264,974.96985,RIGHT_FOOT,12831
0,86.86773,282.2282,1056.6149,HEAD,12831
1,29.625353,188.19351,977.963,NECK,12831
2,-100.711044,171.8406,1006.0972,LEFT_SHOULDER,12831
3,159.96176,204.54642,949.8288,RIGHT_SHOULDER,12831
4,-201.73952,30.618332,984.124,LEFT_ELBOW,12831
5,191.75786,-0.41828918,1043.7961,RIGHT_ELBOW,12831
6,-90.71397,13.043329,739.5364,LEFT_HAND,12831
7,309.19128,-160.30797,930.4277,RIGHT_HAND,12831
8,36.763145,66.4161,940.24725,TORSO,12831
9,-33.730354,-65.10147,919.2889,LEFT_HIP,12831
10,121.532234,-45.621147,885.7741,RIGHT_HIP,12831
11,-45.67851,-373.73074,975.01904,LEFT_KNEE,12831
12,150.02936,-355.39334,927.3645,RIGHT_KNEE,12831
13,-17.100496,-664.8812,1049.0737,LEFT_FOOT,12831
14,134.88846,-651.83997,981.76636,RIGHT_FOOT,12831
0,91.468834,281.23505,1058.9297,HEAD,12831
1,34.240013,185.64325,972.835,NECK,12831
2,-93.21378,171.29385,1002.3106,LEFT_SHOULDER,12831
3,161.69382,199.99263,943.35944,RIGHT_SHOULDER,12831
4,-203.03435,33.93373,985.8526,LEFT_ELBOW,12831
5,188.33076,0.66708374,1039.1302,RIGHT_ELBOW,12831
6,-87.95461,0.5600128,749.231,LEFT_HAND,12831
7,317.2373,-161.44716,933.82465,RIGHT_HAND,12831
8,40.04555,65.566826,939.4825,TORSO,12831
9,-34.373314,-63.541656,924.68304,LEFT_HIP,12831
10,126.07549,-45.477524,887.57684,RIGHT_HIP,12831
11,-48.669094,-374.46848,968.57184,LEFT_KNEE,12831
12,147.13885,-358.35168,909.30585,RIGHT_KNEE,12831
13,-17.665895,-665.1564,1045.3256,LEFT_FOOT,12831
14,139.83357,-651.1024,984.10846,RIGHT_FOOT,12831
0,94.9137,281.0583,1060.2692,HEAD,12831
1,34.7087,183.06644,972.4065,NECK,12831
2,-91.74823,168.21178,1000.21875,LEFT_SHOULDER,12831
3,161.16563,197.92108,944.59436,RIGHT_SHOULDER,12831
4,-207.5773,17.017166,952.7062,LEFT_ELBOW,12831
5,186.3688,3.5736847,1042.3112,RIGHT_ELBOW,12831
6,-85.209,-8.438456,748.0002,LEFT_HAND,12831
7,333.72473,-183.20624,1041.7223,RIGHT_HAND,12831
8,40.71262,64.431015,936.3413,TORSO,12831
9,-30.23122,-63.24331,917.19946,LEFT_HIP,12831
10,123.66431,-45.16549,883.35266,RIGHT_HIP,12831
11,-47.9834,-373.01855,967.33655,LEFT_KNEE,12831
12,149.73483,-358.31845,890.07056,RIGHT_KNEE,12831
13,-15.90667,-662.6833,1047.3486,LEFT_FOOT,12831
14,139.94052,-646.33234,981.1121,RIGHT_FOOT,12831
0,97.51132,280.701,1060.7878,HEAD,12831
1,37.136623,177.40117,965.33276,NECK,12831
2,-84.58046,161.99596,995.2398,LEFT_SHOULDER,12831
3,158.8537,192.80637,935.4257,RIGHT_SHOULDER,12831
4,-201.10242,14.946274,946.14154,LEFT_ELBOW,12831
5,180.43896,10.453354,1048.6876,RIGHT_ELBOW,12831
6,-86.40816,-15.90781,748.4297,LEFT_HAND,12831
7,333.87265,-133.71361,966.6206,RIGHT_HAND,12831
8,43.951904,61.098347,933.1619,TORSO,12831
9,-26.586155,-64.99475,919.9975,LEFT_HIP,12831
10,128.12053,-45.414192,881.9847,RIGHT_HIP,12831
11,-50.858406,-375.0966,966.48285,LEFT_KNEE,12831
12,151.43976,-359.0175,886.71484,RIGHT_KNEE,12831
13,-17.673096,-664.2202,1048.6841,LEFT_FOOT,12831
14,142.8929,-646.0963,981.3907,RIGHT_FOOT,12831
0,101.9433,279.52673,1061.7422,HEAD,12831
1,35.83402,159.08109,973.0536,NECK,12831
2,-77.00185,142.1717,995.9606,LEFT_SHOULDER,12831
3,148.66988,175.99045,950.1466,RIGHT_SHOULDER,12831
4,-193.33835,-2.872635,951.4487,LEFT_ELBOW,12831
5,171.10631,34.51851,1081.6097,RIGHT_ELBOW,12831
6,-75.54277,-27.510258,746.9147,LEFT_HAND,12831
7,327.40466,-112.87366,961.738,RIGHT_HAND,12831
8,44.812614,50.285458,936.9703,TORSO,12831
9,-25.85522,-70.44583,917.0561,LEFT_HIP,12831
10,133.43764,-46.5745,884.71783,RIGHT_HIP,12831
11,-83.34282,-373.1286,978.1813,LEFT_KNEE,12831
12,156.33609,-359.82648,882.102,RIGHT_KNEE,12831
13,-23.75663,-661.39685,1045.7517,LEFT_FOOT,12831
14,137.47961,-647.6925,971.5025,RIGHT_FOOT,12831
0,106.51404,277.48312,1064.2479,HEAD,12831
1,35.392067,168.09328,972.6588,NECK,12831
2,-83.17149,149.78908,997.2428,LEFT_SHOULDER,12831
3,153.95563,186.39748,948.0747,RIGHT_SHOULDER,12831
4,-195.8216,3.5253296,957.03796,LEFT_ELBOW,12831
5,175.59785,25.657639,1070.9829,RIGHT_ELBOW,12831
6,-76.783295,-11.236658,745.92285,LEFT_HAND,12831
7,328.9378,-124.98424,962.091,RIGHT_HAND,12831
8,45.43645,54.240273,936.3306,TORSO,12831
9,-23.799248,-71.852234,916.44116,LEFT_HIP,12831
10,134.76093,-47.37323,883.56384,RIGHT_HIP,12831
11,-73.30148,-374.92392,981.161,LEFT_KNEE,12831
12,161.83766,-359.80634,871.5646,RIGHT_KNEE,12831
13,-19.496952,-664.4757,1046.9321,LEFT_FOOT,12831
14,132.4479,-647.931,956.3078,RIGHT_FOOT,12831
0,109.00722,277.14853,1069.0299,HEAD,12831
1,40.842316,163.01994,956.3696,NECK,12831
2,-81.65762,151.61832,972.7072,LEFT_SHOULDER,12831
3,163.34227,174.42157,940.03204,RIGHT_SHOULDER,12831
4,-202.70993,34.43782,977.4535,LEFT_ELBOW,12831
5,190.60475,4.94014,1064.0488,RIGHT_ELBOW,12831
6,-86.242256,17.034597,749.87994,LEFT_HAND,12831
7,334.89786,-143.37915,951.6231,RIGHT_HAND,12831
8,47.636433,49.932106,928.39075,TORSO,12831
9,-25.825907,-70.625565,911.11554,LEFT_HIP,12831
10,134.687,-55.685894,889.7082,RIGHT_HIP,12831
11,-74.69849,-374.4425,977.4003,LEFT_KNEE,12831
12,164.60086,-368.8185,877.8746,RIGHT_KNEE,12831
13,-16.925999,-664.6239,1041.1855,LEFT_FOOT,12831
14,135.98428,-658.38574,961.2013,RIGHT_FOOT,12831
0,110.84929,275.92633,1071.9805,HEAD,12831
1,44.932518,167.13773,951.5347,NECK,12831
2,-77.01384,157.99287,964.32526,LEFT_SHOULDER,12831
3,166.87888,176.2826,938.7442,RIGHT_SHOULDER,12831
4,-206.96141,45.579193,992.1439,LEFT_ELBOW,12831
5,192.44063,0.6682129,1056.8043,RIGHT_ELBOW,12831
6,-90.865814,32.84252,753.6413,LEFT_HAND,12831
7,334.91763,-152.4878,877.51526,RIGHT_HAND,12831
8,51.002644,51.497147,926.72833,TORSO,12831
9,-24.761955,-70.28029,910.5053,LEFT_HIP,12831
10,138.9075,-58.006588,893.33856,RIGHT_HIP,12831
11,-75.16077,-378.9237,976.0462,LEFT_KNEE,12831
12,164.34724,-376.15466,908.53815,RIGHT_KNEE,12831
13,-16.188011,-673.89386,1038.5658,LEFT_FOOT,12831
14,136.94212,-676.37427,967.7919,RIGHT_FOOT,12831
0,111.59151,274.32373,1072.9304,HEAD,12831
1,46.30018,173.9117,946.30756,NECK,12831
2,-78.98988,163.26653,972.20715,LEFT_SHOULDER,12831
3,171.59024,184.55687,920.40796,RIGHT_SHOULDER,12831
4,-200.93954,43.526474,990.4458,LEFT_ELBOW,12831
5,200.34152,4.1309814,1053.9004,RIGHT_ELBOW,12831
6,-89.74406,42.959854,742.11597,LEFT_HAND,12831
7,329.02228,-163.65195,887.1379,RIGHT_HAND,12831
8,51.7692,53.80053,923.3964,TORSO,12831
9,-20.78814,-72.94009,916.6147,LEFT_HIP,12831
10,135.26459,-59.68119,884.3559,RIGHT_HIP,12831
11,-70.51693,-381.5941,981.9243,LEFT_KNEE,12831
12,162.65446,-377.87912,886.6918,RIGHT_KNEE,12831
13,-10.123173,-675.6101,1046.8633,LEFT_FOOT,12831
14,136.34555,-673.80286,964.45355,RIGHT_FOOT,12831
0,113.45921,273.1283,1072.5979,HEAD,12831
1,44.658543,188.00012,949.7618,NECK,12831
2,-81.599976,176.58032,979.1681,LEFT_SHOULDER,12831
3,170.91707,199.41995,920.35547,RIGHT_SHOULDER,12831
4,-190.99557,29.202957,987.10315,LEFT_ELBOW,12831
5,189.40318,21.232025,1031.6821,RIGHT_ELBOW,12831
6,-73.7256,36.772453,736.43604,LEFT_HAND,12831
7,318.89172,-171.89705,901.70984,RIGHT_HAND,12831
8,50.119526,62.078186,924.30774,TORSO,12831
9,-21.149952,-70.78386,916.7247,LEFT_HIP,12831
10,132.31097,-56.90365,880.9827,RIGHT_HIP,12831
11,-67.04869,-380.38647,981.5701,LEFT_KNEE,12831
12,160.41422,-375.2934,882.87646,RIGHT_KNEE,12831
13,-6.6074333,-674.4186,1047.522,LEFT_FOOT,12831
14,135.50435,-669.978,966.53125,RIGHT_FOOT,12831
0,116.91168,271.4468,1074.3842,HEAD,12831
1,45.04404,188.53258,957.49225,NECK,12831
2,-74.91246,177.80826,987.82416,LEFT_SHOULDER,12831
3,165.00053,199.2569,927.16034,RIGHT_SHOULDER,12831
4,-185.66136,28.600327,997.3041,LEFT_ELBOW,12831
5,180.79953,21.868362,989.8484,RIGHT_ELBOW,12831
6,-72.337425,35.596046,740.5536,LEFT_HAND,12831
7,314.3859,-175.01508,888.20715,RIGHT_HAND,12831
8,48.81225,60.845585,927.2491,TORSO,12831
9,-20.298077,-73.35687,915.43384,LEFT_HIP,12831
10,125.458984,-60.325935,878.578,RIGHT_HIP,12831
11,-65.548706,-383.99753,975.8009,LEFT_KNEE,12831
12,156.89108,-378.41266,883.29767,RIGHT_KNEE,12831
13,-8.794682,-677.93506,1045.5114,LEFT_FOOT,12831
14,135.04695,-671.121,974.53687,RIGHT_FOOT,12831
0,118.21733,270.42773,1075.0071,HEAD,12831
1,46.31485,184.51834,951.5108,NECK,12831
2,-77.5368,173.20557,984.0871,LEFT_SHOULDER,12831
3,170.16649,195.83113,918.9345,RIGHT_SHOULDER,12831
4,-189.23953,33.29883,996.0354,LEFT_ELBOW,12831
5,180.29852,16.668503,979.40674,RIGHT_ELBOW,12831
6,-79.6262,47.727226,738.5206,LEFT_HAND,12831
7,319.22272,-197.67238,921.5262,RIGHT_HAND,12831
8,50.66321,58.983143,924.4482,TORSO,12831
9,-17.861746,-73.20841,916.55316,LEFT_HIP,12831
10,127.884895,-59.895706,878.21796,RIGHT_HIP,12831
11,-61.642113,-384.38956,974.40393,LEFT_KNEE,12831
12,151.89748,-378.516,876.9423,RIGHT_KNEE,12831
13,-5.9084435,-677.51044,1047.6737,LEFT_FOOT,12831
14,135.25461,-668.84717,976.06525,RIGHT_FOOT,12831
0,123.02365,268.70764,1077.4242,HEAD,12831
1,49.654842,185.38298,950.13983,NECK,12831
2,-74.03823,175.91019,982.39996,LEFT_SHOULDER,12831
3,173.34792,194.85577,917.8797,RIGHT_SHOULDER,12831
4,-189.27356,29.656052,992.76434,LEFT_ELBOW,12831
5,174.84268,17.415298,969.7732,RIGHT_ELBOW,12831
6,-82.610054,43.080498,733.5157,LEFT_HAND,12831
7,305.42285,-181.02107,894.0377,RIGHT_HAND,12831
8,52.06009,52.879684,920.45416,TORSO,12831
9,-11.849901,-84.70224,908.064,LEFT_HIP,12831
10,120.78058,-74.54498,873.47296,RIGHT_HIP,12831
11,-55.789062,-395.1312,969.71106,LEFT_KNEE,12831
12,148.93623,-392.82156,875.57874,RIGHT_KNEE,12831
13,1.2454987,-688.5946,1040.5688,LEFT_FOOT,12831
14,134.86671,-681.3994,980.07477,RIGHT_FOOT,12831
0,123.52431,269.10745,1076.4396,HEAD,12831
1,51.465813,187.21512,946.4101,NECK,12831
2,-71.531685,178.21169,977.2434,LEFT_SHOULDER,12831
3,174.46332,196.21854,915.5768,RIGHT_SHOULDER,12831
4,-189.29195,28.053558,994.5464,LEFT_ELBOW,12831
5,176.9838,19.19667,978.2325,RIGHT_ELBOW,12831
6,-84.36891,35.15227,730.30396,LEFT_HAND,12831
7,315.74738,-189.86362,938.30853,RIGHT_HAND,12831
8,54.154175,56.927208,919.08984,TORSO,12831
9,-11.388163,-78.35519,908.87384,LEFT_HIP,12831
10,125.073235,-68.3662,874.66534,RIGHT_HIP,12831
11,-54.887886,-388.73376,971.0836,LEFT_KNEE,12831
12,147.6505,-387.06595,870.4337,RIGHT_KNEE,12831
13,1.7956924,-681.8668,1043.5718,LEFT_FOOT,12831
14,134.77716,-673.9474,979.6485,RIGHT_FOOT,12831
0,125.69821,269.0158,1075.6599,HEAD,12831
1,53.910038,183.6934,939.0506,NECK,12831
2,-68.12853,175.67014,973.7287,LEFT_SHOULDER,12831
3,175.94861,191.71667,904.3725,RIGHT_SHOULDER,12831
4,-187.07805,26.939972,997.9198,LEFT_ELBOW,12831
5,179.50931,21.928146,989.9296,RIGHT_ELBOW,12831
6,-88.41532,24.436596,721.55475,LEFT_HAND,12831
7,310.94696,-174.33267,921.7824,RIGHT_HAND,12831
8,55.82811,55.148148,916.05994,TORSO,12831
9,-10.946691,-77.91323,912.5888,LEFT_HIP,12831
10,126.43905,-68.88099,873.54974,RIGHT_HIP,12831
11,-52.871014,-388.16373,972.98706,LEFT_KNEE,12831
12,147.74162,-387.00272,871.1556,RIGHT_KNEE,12831
13,2.5209503,-680.2943,1047.7048,LEFT_FOOT,12831
14,134.51204,-673.44653,979.6278,RIGHT_FOOT,12831
0,133.48602,267.0067,1074.2136,HEAD,12831
1,46.548965,188.42503,935.1612,NECK,12831
2,-82.22658,178.78648,968.01025,LEFT_SHOULDER,12831
3,175.32451,198.06357,902.31213,RIGHT_SHOULDER,12831
4,-182.12442,14.023727,994.0385,LEFT_ELBOW,12831
5,177.69402,33.074142,998.59894,RIGHT_ELBOW,12831
6,-79.800385,-0.7413006,714.42004,LEFT_HAND,12831
7,322.01154,-157.96701,932.72687,RIGHT_HAND,12831
8,51.525936,55.22334,915.58813,TORSO,12831
9,-11.864836,-83.09552,913.45483,LEFT_HIP,12831
10,124.87065,-72.86118,878.5753,RIGHT_HIP,12831
11,-50.70375,-394.39453,970.42334,LEFT_KNEE,12831
12,147.15651,-390.91864,876.6379,RIGHT_KNEE,12831
13,4.1154213,-685.9832,1047.6384,LEFT_FOOT,12831
14,134.42574,-677.9366,983.6422,RIGHT_FOOT,12831
0,132.51529,267.52722,1074.2195,HEAD,12831
1,48.260113,202.90033,920.947,NECK,12831
2,-74.87547,198.75615,945.23553,LEFT_SHOULDER,12831
3,171.39569,207.04453,896.6585,RIGHT_SHOULDER,12831
4,-149.16776,9.145996,974.7658,LEFT_ELBOW,12831
5,181.13495,35.89276,992.8667,RIGHT_ELBOW,12831
6,-79.53188,-21.104048,719.5835,LEFT_HAND,12831
7,324.98972,-139.57306,916.2251,RIGHT_HAND,12831
8,51.065853,64.653694,911.5833,TORSO,12831
9,-18.891811,-76.04183,916.5722,LEFT_HIP,12831
10,126.634995,-71.144066,887.867,RIGHT_HIP,12831
11,-50.42093,-390.38715,959.629,LEFT_KNEE,12831
12,148.16457,-389.22272,892.70593,RIGHT_KNEE,12831
13,3.5964088,-681.4287,1039.43,LEFT_FOOT,12831
14,135.42021,-677.4232,996.4815,RIGHT_FOOT,12831
0,134.33012,266.8318,1074.3853,HEAD,12831
1,51.92462,201.5914,920.5802,NECK,12831
2,-74.7063,197.5781,952.50775,LEFT_SHOULDER,12831
3,178.55556,205.6047,888.65265,RIGHT_SHOULDER,12831
4,-147.69354,18.747406,967.44116,LEFT_ELBOW,12831
5,185.45908,24.600739,996.45166,RIGHT_ELBOW,12831
6,-84.80917,-23.128471,719.6011,LEFT_HAND,12831
7,328.40393,-175.23505,992.5091,RIGHT_HAND,12831
8,53.737114,64.31365,910.5131,TORSO,12831
9,-16.137339,-75.23607,918.52057,LEFT_HIP,12831
10,127.23655,-70.69213,882.3715,RIGHT_HIP,12831
11,-48.045074,-389.18158,964.1395,LEFT_KNEE,12831
12,147.56958,-388.69397,893.43304,RIGHT_KNEE,12831
13,4.662834,-679.74304,1046.5239,LEFT_FOOT,12831
14,134.82993,-677.94556,994.2425,RIGHT_FOOT,12831
0,135.87943,266.35095,1074.0483,HEAD,12831
1,53.18585,205.86636,921.64136,NECK,12831
2,-78.30096,201.46469,958.8113,LEFT_SHOULDER,12831
3,184.67265,210.26804,884.47144,RIGHT_SHOULDER,12831
4,-161.20593,18.507095,964.16437,LEFT_ELBOW,12831
5,198.80928,18.839096,990.70233,RIGHT_ELBOW,12831
6,-90.014114,-23.285175,722.99225,LEFT_HAND,12831
7,304.45355,-191.61304,1023.14655,RIGHT_HAND,12831
8,54.783573,67.09754,910.8603,TORSO,12831
9,-15.318761,-74.07152,920.3481,LEFT_HIP,12831
10,128.08134,-69.27103,879.81036,RIGHT_HIP,12831
11,-45.847427,-387.69177,965.1735,LEFT_KNEE,12831
12,147.89375,-386.5376,895.56976,RIGHT_KNEE,12831
13,5.8663597,-677.3646,1049.2683,LEFT_FOOT,12831
14,134.96489,-675.7533,994.78534,RIGHT_FOOT,12831
0,139.78955,265.5951,1072.1532,HEAD,12831
1,56.14052,201.95325,935.4514,NECK,12831
2,-76.67418,197.28207,968.1523,LEFT_SHOULDER,12831
3,188.95523,206.62442,902.75055,RIGHT_SHOULDER,12831
4,-165.22238,14.959,969.67957,LEFT_ELBOW,12831
5,197.90448,19.857132,990.2591,RIGHT_ELBOW,12831
6,-88.33588,-31.835766,726.27484,LEFT_HAND,12831
7,346.16174,-156.57573,914.46765,RIGHT_HAND,12831
8,56.592583,65.16094,917.7474,TORSO,12831
9,-15.577881,-74.18553,917.924,LEFT_HIP,12831
10,129.66718,-69.07718,882.16266,RIGHT_HIP,12831
11,-45.014153,-388.00067,962.112,LEFT_KNEE,12831
12,149.5529,-386.4866,894.6045,RIGHT_KNEE,12831
13,5.5687294,-677.2735,1048.247,LEFT_FOOT,12831
14,139.20213,-673.3598,1000.68585,RIGHT_FOOT,12831
0,142.0001,265.29694,1070.5446,HEAD,12831
1,51.45792,186.05972,946.85223,NECK,12831
2,-71.45737,177.54373,971.8113,LEFT_SHOULDER,12831
3,174.3732,194.57573,921.8932,RIGHT_SHOULDER,12831
4,-159.81396,-5.660263,974.24713,LEFT_ELBOW,12831
5,191.97868,38.816345,986.4144,RIGHT_ELBOW,12831
6,-86.67364,-51.29979,731.21765,LEFT_HAND,12831
7,340.84583,-130.54196,896.9169,RIGHT_HAND,12831
8,55.49913,52.1381,921.06,TORSO,12831
9,-14.5421095,-86.91622,910.31085,LEFT_HIP,12831
10,133.62279,-76.65084,880.2247,RIGHT_HIP,12831
11,-42.785435,-400.79523,954.8221,LEFT_KNEE,12831
12,144.9431,-394.04398,901.01953,RIGHT_KNEE,12831
13,6.240719,-690.13116,1041.6425,LEFT_FOOT,12831
14,133.9163,-678.8276,1012.52435,RIGHT_FOOT,12831
0,139.72447,266.6496,1071.0448,HEAD,12831
1,56.312923,182.87871,960.4348,NECK,12831
2,-70.87974,177.55157,977.8219,LEFT_SHOULDER,12831
3,183.50558,188.20584,943.0477,RIGHT_SHOULDER,12831
4,-155.24097,-2.873825,984.2619,LEFT_ELBOW,12831
5,186.3697,40.462585,974.14526,RIGHT_ELBOW,12831
6,-91.84505,-48.853905,732.9175,LEFT_HAND,12831
7,332.507,-136.50246,906.93445,RIGHT_HAND,12831
8,57.465714,52.269882,928.8514,TORSO,12831
9,-15.126407,-81.42756,907.34875,LEFT_HIP,12831
10,132.36342,-75.25033,887.18713,RIGHT_HIP,12831
11,-46.3863,-394.5437,955.099,LEFT_KNEE,12831
12,145.97864,-392.8357,903.09796,RIGHT_KNEE,12831
13,1.8856926,-684.9323,1038.7704,LEFT_FOOT,12831
14,135.90747,-676.76843,1016.8406,RIGHT_FOOT,12831
0,139.66618,266.7333,1071.7286,HEAD,12831
1,55.8268,182.39258,958.84796,NECK,12831
2,-70.5801,177.5271,978.4588,LEFT_SHOULDER,12831
3,182.2337,187.25806,939.2371,RIGHT_SHOULDER,12831
4,-158.30286,1.6330109,989.9796,LEFT_ELBOW,12831
5,182.05547,42.837296,969.8767,RIGHT_ELBOW,12831
6,-89.885345,-40.520885,724.349,LEFT_HAND,12831
7,329.52582,-170.02962,1013.28186,RIGHT_HAND,12831
8,56.26358,53.01572,929.5648,TORSO,12831
9,-17.230284,-79.20677,911.75134,LEFT_HIP,12831
10,130.631,-73.5155,888.812,RIGHT_HIP,12831
11,-48.693577,-392.39252,958.05304,LEFT_KNEE,12831
12,146.05035,-390.94247,903.6923,RIGHT_KNEE,12831
13,-5.3447647,-684.8953,1036.4476,LEFT_FOOT,12831
14,137.95335,-674.3408,1018.5946,RIGHT_FOOT,12831
0,138.3505,266.86743,1072.8373,HEAD,12831
1,55.249905,182.97925,955.11365,NECK,12831
2,-71.25593,178.63765,977.5702,LEFT_SHOULDER,12831
3,181.75574,187.32083,932.6571,RIGHT_SHOULDER,12831
4,-160.43118,0.40769958,986.2666,LEFT_ELBOW,12831
5,181.80865,38.20227,969.5637,RIGHT_ELBOW,12831
6,-144.85,-67.30351,775.2299,LEFT_HAND,12831
7,323.15244,-148.94533,895.41254,RIGHT_HAND,12831
8,54.98305,53.202538,928.5203,TORSO,12831
9,-19.094793,-79.1073,915.0295,LEFT_HIP,12831
10,128.52718,-74.04103,888.8245,RIGHT_HIP,12831
11,-48.1843,-392.8146,959.30817,LEFT_KNEE,12831
12,145.28311,-391.44427,902.7355,RIGHT_KNEE,12831
13,-12.733318,-686.059,1038.8927,LEFT_FOOT,12831
14,139.62808,-674.0591,1019.6954,RIGHT_FOOT,12831
0,137.51505,267.04523,1073.891,HEAD,12831
1,53.44114,185.86302,940.3535,NECK,12831
2,-73.919426,180.77924,971.27637,LEFT_SHOULDER,12831
3,180.8017,190.94681,909.43066,RIGHT_SHOULDER,12831
4,-164.55899,2.9393005,977.8124,LEFT_ELBOW,12831
5,179.58946,29.713318,973.99805,RIGHT_ELBOW,12831
6,-96.67994,-13.66452,715.05664,LEFT_HAND,12831
7,315.9331,-161.99121,930.1105,RIGHT_HAND,12831
8,53.937534,54.57021,920.8132,TORSO,12831
9,-18.230303,-79.62311,918.9155,LEFT_HIP,12831
10,127.09815,-73.822105,883.6301,RIGHT_HIP,12831
11,-47.436077,-393.065,964.9623,LEFT_KNEE,12831
12,143.73938,-391.2523,897.05536,RIGHT_KNEE,12831
13,-18.7335,-686.40784,1046.8699,LEFT_FOOT,12831
14,140.6511,-674.0243,1013.73083,RIGHT_FOOT,12831
0,136.50714,267.08438,1074.5634,HEAD,12831
1,52.146126,189.32436,928.26416,NECK,12831
2,-77.98173,184.49818,967.3434,LEFT_SHOULDER,12831
3,182.27399,194.15053,889.18494,RIGHT_SHOULDER,12831
4,-168.85391,7.212448,972.58026,LEFT_ELBOW,12831
5,184.94127,23.99858,984.08795,RIGHT_ELBOW,12831
6,-101.26424,1.024056,708.5637,LEFT_HAND,12831
7,308.79318,-168.35844,949.4159,RIGHT_HAND,12831
8,52.89766,56.64479,914.38116,TORSO,12831
9,-17.763458,-78.68332,921.9444,LEFT_HIP,12831
10,125.061844,-73.38623,879.05194,RIGHT_HIP,12831
11,-46.488407,-391.60083,969.3632,LEFT_KNEE,12831
12,142.081,-390.45132,892.1339,RIGHT_KNEE,12831
13,-18.2445,-683.4062,1055.5248,LEFT_FOOT,12831
14,141.59982,-672.2294,1010.3405,RIGHT_FOOT,12831
0,135.60077,267.622,1074.7418,HEAD,12831
1,50.593197,190.30113,929.24225,NECK,12831
2,-82.3113,180.7857,968.6148,LEFT_SHOULDER,12831
3,183.4977,199.81656,889.8697,RIGHT_SHOULDER,12831
4,-171.3943,6.2216644,969.9736,LEFT_ELBOW,12831
5,186.94171,23.804733,986.59357,RIGHT_ELBOW,12831
6,-102.15817,12.914387,703.62634,LEFT_HAND,12831
7,309.2022,-194.16806,924.03973,RIGHT_HAND,12831
8,53.31055,59.05547,906.69586,TORSO,12831
9,-11.350056,-77.01419,904.11,LEFT_HIP,12831
10,123.40586,-67.3662,864.18896,RIGHT_HIP,12831
11,-44.257923,-386.1619,969.6527,LEFT_KNEE,12831
12,142.24402,-383.90985,884.09686,RIGHT_KNEE,12831
13,-16.739632,-676.5202,1060.5908,LEFT_FOOT,12831
14,143.22643,-665.87305,1001.70105,RIGHT_FOOT,12831
0,134.50568,267.97882,1074.5605,HEAD,12831
1,49.89088,191.40823,929.15045,NECK,12831
2,-81.60658,182.7977,972.1243,LEFT_SHOULDER,12831
3,181.38835,200.01877,886.1766,RIGHT_SHOULDER,12831
4,-170.86902,7.727997,972.4064,LEFT_ELBOW,12831
5,168.45041,23.888885,973.0911,RIGHT_ELBOW,12831
6,-106.37782,21.859837,713.218,LEFT_HAND,12831
7,306.53204,-204.49219,920.36523,RIGHT_HAND,12831
8,51.57272,61.57453,908.2825,TORSO,12831
9,-15.69016,-72.773705,909.9459,LEFT_HIP,12831
10,122.19928,-63.74462,864.88306,RIGHT_HIP,12831
11,-42.313297,-385.51227,963.8229,LEFT_KNEE,12831
12,150.03125,-380.31296,885.5425,RIGHT_KNEE,12831
13,-15.130306,-675.65845,1057.8545,LEFT_FOOT,12831
14,143.466,-664.9387,998.2844,RIGHT_FOOT,12831
0,128.15097,270.2644,1076.9109,HEAD,12831
1,47.690315,188.2409,930.3514,NECK,12831
2,-83.06274,178.86716,973.37964,LEFT_SHOULDER,12831
3,178.44336,197.61467,887.3231,RIGHT_SHOULDER,12831
4,-171.32037,5.7122498,969.8482,LEFT_ELBOW,12831
5,151.07768,28.321228,950.5378,RIGHT_ELBOW,12831
6,-105.52513,25.764067,708.49524,LEFT_HAND,12831
7,324.12854,-167.86201,1135.7201,RIGHT_HAND,12831
8,50.707123,58.555214,911.26666,TORSO,12831
9,-15.308073,-76.07942,914.899,LEFT_HIP,12831
10,122.755936,-66.18155,869.4649,RIGHT_HIP,12831
11,-40.954437,-389.68585,963.99274,LEFT_KNEE,12831
12,146.13762,-383.28052,887.31116,RIGHT_KNEE,12831
13,-11.773191,-679.73126,1057.736,LEFT_FOOT,12831
14,142.7001,-668.46277,998.77844,RIGHT_FOOT,12831
0,128.76503,269.34656,1075.617,HEAD,12831
1,40.270954,172.8129,947.4762,NECK,12831
2,-83.60191,157.91113,987.67645,LEFT_SHOULDER,12831
3,164.14381,187.71466,907.27594,RIGHT_SHOULDER,12831
4,-165.82794,-17.234863,968.75604,LEFT_ELBOW,12831
5,144.89189,46.3152,952.07574,RIGHT_ELBOW,12831
6,-105.72818,1.7012997,709.0537,LEFT_HAND,12831
7,294.49316,-186.95827,946.91364,RIGHT_HAND,12831
8,46.134827,44.07655,917.8241,TORSO,12831
9,-15.272206,-92.7524,910.0033,LEFT_HIP,12831
10,119.2696,-76.567184,866.3407,RIGHT_HIP,12831
11,-43.0185,-407.30396,952.1963,LEFT_KNEE,12831
12,143.60078,-393.41113,888.93945,RIGHT_KNEE,12831
13,-9.824802,-695.7776,1049.751,LEFT_FOOT,12831
14,142.04805,-678.69653,1000.4994,RIGHT_FOOT,12831
0,120.15329,271.31415,1073.344,HEAD,12831
1,41.434998,164.42014,961.23755,NECK,12831
2,-80.74057,151.82736,985.1252,LEFT_SHOULDER,12831
3,163.61055,177.01291,937.3499,RIGHT_SHOULDER,12831
4,-163.12897,-22.483719,970.7377,LEFT_ELBOW,12831
5,138.61098,43.90399,948.5609,RIGHT_ELBOW,12831
6,-97.57542,-7.118984,705.17645,LEFT_HAND,12831
7,289.30902,-182.24875,927.7968,RIGHT_HAND,12831
8,46.742947,42.879917,924.31354,TORSO,12831
9,-17.905554,-85.87079,901.0673,LEFT_HIP,12831
10,122.007355,-71.44981,873.71173,RIGHT_HIP,12831
11,-59.674774,-398.1282,946.95013,LEFT_KNEE,12831
12,144.01611,-388.59647,890.6879,RIGHT_KNEE,12831
13,-22.637161,-688.812,1035.4891,LEFT_FOOT,12831
14,142.605,-674.80884,999.26294,RIGHT_FOOT,12831
0,115.04631,272.728,1071.0677,HEAD,12831
1,38.720497,159.23349,964.5684,NECK,12831
2,-83.1643,145.62524,986.095,LEFT_SHOULDER,12831
3,160.60529,172.84174,943.0419,RIGHT_SHOULDER,12831
4,-164.89197,-25.799286,966.00085,LEFT_ELBOW,12831
5,138.43466,41.189865,957.9892,RIGHT_ELBOW,12831
6,-101.10672,-21.1974,700.2833,LEFT_HAND,12831
7,288.2895,-173.87231,927.8913,RIGHT_HAND,12831
8,44.931095,41.372345,925.226,TORSO,12831
9,-20.220072,-84.45623,898.4871,LEFT_HIP,12831
10,122.503456,-68.52137,873.2801,RIGHT_HIP,12831
11,-68.9765,-395.09152,946.9317,LEFT_KNEE,12831
12,142.8806,-385.7081,887.2692,RIGHT_KNEE,12831
13,-31.510246,-687.16724,1029.8179,LEFT_FOOT,12831
14,142.33762,-672.1897,994.5543,RIGHT_FOOT,12831
0,114.96077,273.07877,1071.0281,HEAD,12831
1,33.126266,171.4148,955.9728,NECK,12831
2,-88.94915,154.28004,987.8339,LEFT_SHOULDER,12831
3,155.20169,188.54956,924.11163,RIGHT_SHOULDER,12831
4,-172.32257,-17.089127,960.8567,LEFT_ELBOW,12831
5,140.382,21.262894,960.94904,RIGHT_ELBOW,12831
6,-102.967155,-22.546116,699.56726,LEFT_HAND,12831
7,297.83173,-176.42853,929.2078,RIGHT_HAND,12831
8,41.664833,47.120502,921.84326,TORSO,12831
9,-19.80778,-87.0007,905.9863,LEFT_HIP,12831
10,120.21458,-67.34688,869.44116,RIGHT_HIP,12831
11,-71.25627,-398.89566,941.96783,LEFT_KNEE,12831
12,140.79642,-384.57056,882.3101,RIGHT_KNEE,12831
13,-32.710068,-688.7191,1031.969,LEFT_FOOT,12831
14,140.4544,-671.6106,988.1002,RIGHT_FOOT,12831
0,112.67232,273.24054,1067.31,HEAD,12831
1,31.888157,155.56416,950.7997,NECK,12831
2,-93.88602,138.06729,979.85846,LEFT_SHOULDER,12831
3,157.66234,173.06105,921.7409,RIGHT_SHOULDER,12831
4,-175.91397,-13.018173,960.32245,LEFT_ELBOW,12831
5,140.92645,22.727875,980.4616,RIGHT_ELBOW,12831
6,-107.38268,-29.226967,703.52057,LEFT_HAND,12831
7,292.16925,-171.02812,929.31,RIGHT_HAND,12831
8,40.466057,39.812405,918.2306,TORSO,12831
9,-22.228687,-85.85434,902.1283,LEFT_HIP,12831
10,120.316605,-66.02437,869.1947,RIGHT_HIP,12831
11,-72.18329,-399.69366,942.4167,LEFT_KNEE,12831
12,140.25075,-385.50336,881.4249,RIGHT_KNEE,12831
13,-34.670677,-690.3419,1037.2249,LEFT_FOOT,12831
14,139.34225,-674.5499,987.8364,RIGHT_FOOT,12831
0,111.773445,273.18005,1064.4655,HEAD,12831
1,31.576462,153.66792,943.00977,NECK,12831
2,-96.044945,139.2874,971.3014,LEFT_SHOULDER,12831
3,159.19786,168.04845,914.71814,RIGHT_SHOULDER,12831
4,-181.56488,-16.565063,955.2841,LEFT_ELBOW,12831
5,139.10948,20.05272,991.58545,RIGHT_ELBOW,12831
6,-105.165,-38.122,709.91815,LEFT_HAND,12831
7,298.3995,-165.74425,916.3225,RIGHT_HAND,12831
8,38.32489,34.910763,913.0876,TORSO,12831
9,-26.06897,-91.86279,898.9365,LEFT_HIP,12831
10,116.21561,-75.83001,867.3943,RIGHT_HIP,12831
11,-71.53195,-404.272,942.31396,LEFT_KNEE,12831
12,140.39304,-393.22217,882.4171,RIGHT_KNEE,12831
13,-36.42995,-693.7535,1036.4159,LEFT_FOOT,12831
14,139.37796,-681.1205,987.2996,RIGHT_FOOT,12831
0,107.55859,273.7594,1061.3768,HEAD,12831
1,29.838535,151.6475,941.702,NECK,12831
2,-98.19337,138.06989,974.42474,LEFT_SHOULDER,12831
3,157.87045,165.22513,908.9793,RIGHT_SHOULDER,12831
4,-183.92406,-23.038788,959.03986,LEFT_ELBOW,12831
5,141.48566,8.0794525,979.2785,RIGHT_ELBOW,12831
6,-102.78719,-52.180317,719.2273,LEFT_HAND,12831
7,287.1457,-188.02887,904.5446,RIGHT_HAND,12831
8,35.857662,29.827856,914.70605,TORSO,12831
9,-29.424305,-99.55319,905.9334,LEFT_HIP,12831
10,113.17788,-84.430405,869.48676,RIGHT_HIP,12831
11,-72.04365,-413.47333,939.60785,LEFT_KNEE,12831
12,140.25233,-401.42578,886.1343,RIGHT_KNEE,12831
13,-38.82141,-703.0625,1033.8066,LEFT_FOOT,12831
14,139.185,-689.4121,990.54565,RIGHT_FOOT,12831
0,101.14804,275.48547,1057.8315,HEAD,12831
1,27.139126,158.46567,945.8946,NECK,12831
2,-103.360016,143.96124,977.7931,LEFT_SHOULDER,12831
3,157.63826,172.9701,913.9961,RIGHT_SHOULDER,12831
4,-184.594,-11.4604645,966.73267,LEFT_ELBOW,12831
5,147.68085,3.3944092,973.0315,RIGHT_ELBOW,12831
6,-150.09283,-71.91057,764.6736,LEFT_HAND,12831
7,314.04,-171.24667,952.30194,RIGHT_HAND,12831
8,33.842384,34.49727,916.949,TORSO,12831
9,-31.91441,-97.52475,905.7151,LEFT_HIP,12831
10,113.00569,-81.41751,870.2916,RIGHT_HIP,12831
11,-70.98747,-412.01773,939.8718,LEFT_KNEE,12831
12,136.58682,-398.61533,890.9967,RIGHT_KNEE,12831
13,-37.709206,-701.1366,1035.9814,LEFT_FOOT,12831
14,138.39622,-688.1471,991.5068,RIGHT_FOOT,12831
0,83.85651,279.88568,1058.1537,HEAD,12831
1,25.303444,160.05415,943.97205,NECK,12831
2,-104.56251,146.46457,979.91455,LEFT_SHOULDER,12831
3,155.1694,173.64374,908.02954,RIGHT_SHOULDER,12831
4,-182.51144,-7.0210876,972.8318,LEFT_ELBOW,12831
5,146.98326,1.731369,971.0299,RIGHT_ELBOW,12831
6,-105.97749,-72.55644,741.22723,LEFT_HAND,12831
7,309.37408,-166.23508,940.99445,RIGHT_HAND,12831
8,31.648191,33.940742,919.2141,TORSO,12831
9,-36.844105,-100.00386,915.1686,LEFT_HIP,12831
10,112.82999,-84.34148,873.7438,RIGHT_HIP,12831
11,-71.159134,-416.0249,938.6715,LEFT_KNEE,12831
12,136.59702,-401.52942,894.3878,RIGHT_KNEE,12831
13,-35.78794,-704.5415,1035.8375,LEFT_FOOT,12831
14,137.36949,-690.6218,996.16785,RIGHT_FOOT,12831
0,85.30975,278.97153,1057.1405,HEAD,12831
1,21.754011,163.25272,949.4908,NECK,12831
2,-105.5476,149.55124,985.91394,LEFT_SHOULDER,12831
3,149.05562,176.95418,913.0676,RIGHT_SHOULDER,12831
4,-185.6998,-8.893646,975.7756,LEFT_ELBOW,12831
5,144.46213,-1.4977417,968.04553,RIGHT_ELBOW,12831
6,-103.69276,-73.530945,748.173,LEFT_HAND,12831
7,305.0916,-152.84544,887.89124,RIGHT_HAND,12831
8,28.32816,34.208,923.92456,TORSO,12831
9,-38.571514,-102.74469,919.38043,LEFT_HIP,12831
10,108.37614,-86.92873,877.33624,RIGHT_HIP,12831
11,-71.12081,-418.12323,935.52057,LEFT_KNEE,12831
12,135.7072,-402.1447,903.32574,RIGHT_KNEE,12831
13,-34.04095,-704.9731,1033.103,LEFT_FOOT,12831
14,137.4877,-691.06885,1001.8133,RIGHT_FOOT,12831
0,73.492004,282.3881,1053.5703,HEAD,12831
1,17.924751,165.95511,949.3361,NECK,12831
2,-107.70782,149.9992,985.58014,LEFT_SHOULDER,12831
3,143.55731,181.91101,913.0921,RIGHT_SHOULDER,12831
4,-189.05725,-12.889038,973.2511,LEFT_ELBOW,12831
5,141.49443,18.041946,980.9946,RIGHT_ELBOW,12831
6,-105.68442,-79.03301,754.5387,LEFT_HAND,12831
7,288.72314,-183.64468,910.8492,RIGHT_HAND,12831
8,27.255789,35.200897,924.1176,TORSO,12831
9,-36.930683,-104.890366,920.10834,LEFT_HIP,12831
10,110.10434,-86.21626,877.6899,RIGHT_HIP,12831
11,-67.718796,-420.61798,936.7948,LEFT_KNEE,12831
12,132.17491,-401.99817,904.24023,RIGHT_KNEE,12831
13,-30.248245,-707.0311,1036.096,LEFT_FOOT,12831
14,137.05782,-691.4348,1001.7071,RIGHT_FOOT,12831
0,71.25716,281.5877,1050.2134,HEAD,12831
1,13.713058,168.70425,948.85565,NECK,12831
2,-111.115814,151.40544,985.6529,LEFT_SHOULDER,12831
3,138.54193,186.00308,912.0584,RIGHT_SHOULDER,12831
4,-196.76245,-33.65483,955.58856,LEFT_ELBOW,12831
5,144.95097,8.961563,975.25073,RIGHT_ELBOW,12831
6,-199.09167,-225.78815,732.2592,LEFT_HAND,12831
7,301.24734,-161.07889,899.4875,RIGHT_HAND,12831
8,24.48537,36.695988,923.34033,TORSO,12831
9,-36.299263,-105.22867,918.9187,LEFT_HIP,12831
10,106.81462,-85.395905,876.7313,RIGHT_HIP,12831
11,-65.94787,-420.91806,938.19116,LEFT_KNEE,12831
12,133.15173,-400.83643,903.4503,RIGHT_KNEE,12831
13,-27.40934,-707.05615,1037.8756,LEFT_FOOT,12831
14,136.98279,-690.32635,1000.80597,RIGHT_FOOT,12831
0,65.23447,282.6078,1046.8624,HEAD,12831
1,11.01675,169.21715,950.4607,NECK,12831
2,-112.64076,151.21518,986.9144,LEFT_SHOULDER,12831
3,134.67426,187.21912,914.00696,RIGHT_SHOULDER,12831
4,-199.55728,-52.428726,945.63635,LEFT_ELBOW,12831
5,147.6227,3.0622559,969.25995,RIGHT_ELBOW,12831
6,-113.868355,-62.890343,752.5144,LEFT_HAND,12831
7,295.86865,-168.37106,890.5387,RIGHT_HAND,12831
8,22.686867,36.735336,924.6242,TORSO,12831
9,-38.086315,-106.29272,920.1437,LEFT_HIP,12831
10,106.80028,-85.20023,877.43176,RIGHT_HIP,12831
11,-68.143936,-422.19794,938.30817,LEFT_KNEE,12831
12,139.76422,-400.10178,905.3584,RIGHT_KNEE,12831
13,-28.9674,-708.2417,1038.566,LEFT_FOOT,12831
14,139.39548,-690.20764,1001.51385,RIGHT_FOOT,12831
0,60.28054,282.92578,1046.4854,HEAD,12831
1,8.853903,168.91481,949.86444,NECK,12831
2,-114.67355,150.36617,985.0637,LEFT_SHOULDER,12831
3,132.38135,187.46344,914.66516,RIGHT_SHOULDER,12831
4,-201.52834,-50.98021,943.5531,LEFT_ELBOW,12831
5,149.18073,1.5200958,968.76935,RIGHT_ELBOW,12831
6,-111.92233,-62.16427,746.20905,LEFT_HAND,12831
7,301.12506,-177.28847,897.8137,RIGHT_HAND,12831
8,20.817415,40.52386,924.1919,TORSO,12831
9,-41.351788,-98.99871,919.64355,LEFT_HIP,12831
10,106.913635,-76.73546,877.39514,RIGHT_HIP,12831
11,-70.58748,-414.3157,938.7881,LEFT_KNEE,12831
12,147.32507,-384.81427,941.42957,RIGHT_KNEE,12831
13,-30.977516,-699.06824,1040.7683,LEFT_FOOT,12831
14,141.09296,-684.1928,999.62396,RIGHT_FOOT,12831
0,57.6994,281.84546,1044.4446,HEAD,12831
1,8.189782,166.91144,942.0413,NECK,12831
2,-116.772415,149.60033,976.39075,LEFT_SHOULDER,12831
3,133.15198,184.22255,907.6919,RIGHT_SHOULDER,12831
4,-208.66586,-31.412552,951.8031,LEFT_ELBOW,12831
5,154.64569,-7.392334,964.47723,RIGHT_ELBOW,12831
6,-127.68647,-42.10311,754.0816,LEFT_HAND,12831
7,298.93213,-191.29086,904.5703,RIGHT_HAND,12831
8,19.127237,42.537163,919.15045,TORSO,12831
9,-44.512993,-92.16842,916.7594,LEFT_HIP,12831
10,104.64237,-71.505806,875.75977,RIGHT_HIP,12831
11,-73.27606,-407.7022,937.58014,LEFT_KNEE,12831
12,143.48727,-381.1899,934.14813,RIGHT_KNEE,12831
13,-33.154434,-692.52875,1039.9524,LEFT_FOOT,12831
14,140.18697,-679.61584,998.54565,RIGHT_FOOT,12831
0,54.367924,279.8119,1041.0032,HEAD,12831
1,6.762561,164.78256,938.3312,NECK,12831
2,-118.278786,147.17159,971.6592,LEFT_SHOULDER,12831
3,131.80391,182.39354,905.0032,RIGHT_SHOULDER,12831
4,-210.64136,-21.323883,957.9123,LEFT_ELBOW,12831
5,156.26822,-9.217972,967.12823,RIGHT_ELBOW,12831
6,-119.70571,-29.433067,739.61334,LEFT_HAND,12831
7,301.95462,-204.01422,899.117,RIGHT_HAND,12831
8,18.612728,39.394238,916.5342,TORSO,12831
9,-42.606045,-96.28521,914.21265,LEFT_HIP,12831
10,103.53184,-75.70297,875.2617,RIGHT_HIP,12831
11,-71.641556,-411.81244,934.75336,LEFT_KNEE,12831
12,139.57568,-386.13815,931.4153,RIGHT_KNEE,12831
13,-30.37801,-696.15137,1038.0234,LEFT_FOOT,12831
14,137.38377,-683.1838,1001.9496,RIGHT_FOOT,12831
0,53.582016,279.93185,1040.0908,HEAD,12831
1,4.8818836,164.90996,931.4643,NECK,12831
2,-116.48908,148.97836,962.08484,LEFT_SHOULDER,12831
3,126.25286,180.84155,900.84375,RIGHT_SHOULDER,12831
4,-213.52452,-18.867188,960.74054,LEFT_ELBOW,12831
5,152.96114,-9.009628,985.70746,RIGHT_ELBOW,12831
6,-123.25199,-29.478416,743.88745,LEFT_HAND,12831
7,295.11505,-204.2556,902.06,RIGHT_HAND,12831
8,16.471584,36.292816,910.4842,TORSO,12831
9,-42.81077,-101.62724,907.38434,LEFT_HIP,12831
10,98.93334,-83.02141,871.62384,RIGHT_HIP,12831
11,-71.36479,-417.17834,928.23047,LEFT_KNEE,12831
12,139.65634,-392.59442,929.3177,RIGHT_KNEE,12831
13,-28.893478,-700.0564,1034.9646,LEFT_FOOT,12831
14,135.15842,-688.05994,1006.1024,RIGHT_FOOT,12831
0,46.05224,279.43927,1037.0146,HEAD,12831
1,4.8459587,164.94054,936.6423,NECK,12831
2,-115.896034,148.59392,966.73224,LEFT_SHOULDER,12831
3,125.58795,181.28717,906.5523,RIGHT_SHOULDER,12831
4,-215.04204,-13.155685,954.69165,LEFT_ELBOW,12831
5,148.10538,-3.7105103,1000.855,RIGHT_ELBOW,12831
6,-123.910065,-24.893463,733.75214,LEFT_HAND,12831
7,291.01318,-206.87547,902.08826,RIGHT_HAND,12831
8,16.33409,36.69406,913.0697,TORSO,12831
9,-43.978004,-101.27307,907.3904,LEFT_HIP,12831
10,99.622444,-81.83176,871.6039,RIGHT_HIP,12831
11,-70.84133,-417.44254,931.24677,LEFT_KNEE,12831
12,138.03436,-394.12738,919.0363,RIGHT_KNEE,12831
13,-26.927551,-699.71436,1040.8329,LEFT_FOOT,12831
14,132.8579,-688.6985,1001.5952,RIGHT_FOOT,12831
0,41.851654,279.06268,1034.1262,HEAD,12831
1,4.3786345,163.72647,939.6057,NECK,12831
2,-115.89527,146.72247,971.8689,LEFT_SHOULDER,12831
3,124.65253,180.73045,907.3425,RIGHT_SHOULDER,12831
4,-212.72736,-20.035156,951.80597,LEFT_ELBOW,12831
5,145.22763,-0.44421387,993.7314,RIGHT_ELBOW,12831
6,-183.41692,-111.612656,825.9304,LEFT_HAND,12831
7,288.17838,-201.19804,893.6823,RIGHT_HAND,12831
8,15.712952,34.47004,913.7356,TORSO,12831
9,-41.864376,-104.528915,906.3508,LEFT_HIP,12831
10,95.958916,-85.04385,869.3801,RIGHT_HIP,12831
11,-69.705605,-421.12427,929.2778,LEFT_KNEE,12831
12,136.74222,-398.00272,913.27655,RIGHT_KNEE,12831
13,-24.719837,-703.0017,1040.6096,LEFT_FOOT,12831
14,130.10295,-691.74255,1000.14526,RIGHT_FOOT,12831
0,39.76105,278.37476,1032.4065,HEAD,12831
1,1.7100067,162.60262,941.0173,NECK,12831
2,-120.262344,144.60172,970.0749,LEFT_SHOULDER,12831
3,123.682365,180.6035,911.95966,RIGHT_SHOULDER,12831
4,-216.82202,-19.151627,953.38434,LEFT_ELBOW,12831
5,145.5466,0.37591553,995.546,RIGHT_ELBOW,12831
6,-136.39618,-38.753166,739.7029,LEFT_HAND,12831
7,279.1269,-194.96484,891.394,RIGHT_HAND,12831
8,13.417215,37.636723,912.7444,TORSO,12831
9,-44.562744,-97.61372,901.0731,LEFT_HIP,12831
10,94.811584,-77.04462,867.8699,RIGHT_HIP,12831
11,-67.816414,-414.04144,930.50446,LEFT_KNEE,12831
12,133.72531,-391.26114,903.7464,RIGHT_KNEE,12831
13,-22.020458,-695.07666,1043.6207,LEFT_FOOT,12831
14,126.039505,-684.0231,993.77277,RIGHT_FOOT,12831
0,37.06488,277.17957,1030.5525,HEAD,12831
1,-4.719615,161.88016,950.85266,NECK,12831
2,-128.096,137.39911,985.5961,LEFT_SHOULDER,12831
3,118.65675,186.3612,916.1092,RIGHT_SHOULDER,12831
4,-214.2153,-27.112045,950.00385,LEFT_ELBOW,12831
5,142.69928,6.422333,999.1453,RIGHT_ELBOW,12831
6,-187.99202,-107.33364,823.0302,LEFT_HAND,12831
7,284.26596,-178.77505,893.83386,RIGHT_HAND,12831
8,11.10718,36.439365,918.66614,TORSO,12831
9,-41.82049,-102.64407,905.84125,LEFT_HIP,12831
10,95.68844,-75.35877,867.118,RIGHT_HIP,12831
11,-68.0859,-419.14322,931.76166,LEFT_KNEE,12831
12,133.19879,-390.85928,891.32166,RIGHT_KNEE,12831
13,-21.770878,-700.0772,1044.9181,LEFT_FOOT,12831
14,121.49738,-681.1775,988.5418,RIGHT_FOOT,12831
0,28.65078,275.826,1024.9644,HEAD,12831
1,-3.098751,162.17564,948.469,NECK,12831
2,-124.70806,139.76561,981.44104,LEFT_SHOULDER,12831
3,118.51056,184.58568,915.49695,RIGHT_SHOULDER,12831
4,-214.53275,-23.675034,949.5355,LEFT_ELBOW,12831
5,141.16295,5.8454742,999.55835,RIGHT_ELBOW,12831
6,-192.62051,-106.67122,825.5538,LEFT_HAND,12831
7,288.07312,-175.28503,891.23395,RIGHT_HAND,12831
8,11.9278,34.99235,917.4483,TORSO,12831
9,-40.802532,-104.67711,904.7986,LEFT_HIP,12831
10,94.711235,-79.70478,868.05664,RIGHT_HIP,12831
11,-68.44308,-421.5652,929.6551,LEFT_KNEE,12831
12,132.12613,-396.0157,886.69556,RIGHT_KNEE,12831
13,-24.212105,-704.26855,1040.2992,LEFT_FOOT,12831
14,115.6073,-683.95636,991.27576,RIGHT_FOOT,12831
0,24.036152,276.14093,1022.2663,HEAD,12831
1,-6.1652803,161.84422,945.2133,NECK,12831
2,-125.68137,139.24593,979.3066,LEFT_SHOULDER,12831
3,113.350815,184.44254,911.12006,RIGHT_SHOULDER,12831
4,-214.79889,-25.00682,948.33344,LEFT_ELBOW,12831
5,140.50935,5.3358154,999.6721,RIGHT_ELBOW,12831
6,-197.57942,-222.20052,737.98364,LEFT_HAND,12831
7,286.8678,-167.49976,889.0382,RIGHT_HAND,12831
8,9.542943,34.293915,915.7343,TORSO,12831
9,-41.301216,-105.840225,905.2401,LEFT_HIP,12831
10,91.80355,-80.67256,867.2705,RIGHT_HIP,12831
11,-69.18027,-422.87677,927.83344,LEFT_KNEE,12831
12,131.43439,-396.87183,882.99786,RIGHT_KNEE,12831
13,-26.7425,-706.7296,1036.2139,LEFT_FOOT,12831
14,111.17537,-683.1519,991.4092,RIGHT_FOOT,12831
0,20.398155,276.47113,1021.8985,HEAD,12831
1,-7.824918,161.8708,944.7124,NECK,12831
2,-128.89027,138.10835,978.53296,LEFT_SHOULDER,12831
3,113.24043,185.63327,910.89185,RIGHT_SHOULDER,12831
4,-216.99937,-28.614456,946.2367,LEFT_ELBOW,12831
5,134.06787,7.5405426,1000.85004,RIGHT_ELBOW,12831
6,-196.52567,-221.70311,731.96686,LEFT_HAND,12831
7,290.18762,-158.04688,887.8924,RIGHT_HAND,12831
8,8.891835,35.373753,915.675,TORSO,12831
9,-41.441833,-104.28382,905.36865,LEFT_HIP,12831
10,92.65901,-77.96278,867.9065,RIGHT_HIP,12831
11,-70.30848,-421.48474,926.4686,LEFT_KNEE,12831
12,129.4868,-393.96912,893.9568,RIGHT_KNEE,12831
13,-29.42781,-706.4846,1032.8239,LEFT_FOOT,12831
14,113.27245,-683.947,993.2416,RIGHT_FOOT,12831
0,20.271204,277.04007,1020.8977,HEAD,12831
1,-8.9777355,163.035,942.0062,NECK,12831
2,-128.01503,139.29373,979.59393,LEFT_SHOULDER,12831
3,110.059555,186.77628,904.4185,RIGHT_SHOULDER,12831
4,-218.5758,-30.465698,947.0858,LEFT_ELBOW,12831
5,131.42313,8.097504,1000.4617,RIGHT_ELBOW,12831
6,-199.66899,-225.22598,731.8243,LEFT_HAND,12831
7,290.47943,-151.81908,886.6949,RIGHT_HAND,12831
8,7.4235864,35.878876,913.6331,TORSO,12831
9,-41.277676,-104.26158,905.8171,LEFT_HIP,12831
10,88.92749,-78.29294,864.70294,RIGHT_HIP,12831
11,-71.71168,-421.4532,924.74225,LEFT_KNEE,12831
12,128.16682,-394.8942,875.6042,RIGHT_KNEE,12831
13,-32.01324,-707.2672,1029.3462,LEFT_FOOT,12831
14,114.26411,-678.67896,991.70996,RIGHT_FOOT,12831
0,18.131445,276.74127,1019.63586,HEAD,12831
1,-11.681944,164.14221,938.2285,NECK,12831
2,-129.49637,139.5887,979.0155,LEFT_SHOULDER,12831
3,106.13248,188.69574,897.44165,RIGHT_SHOULDER,12831
4,-219.21695,-30.63945,947.4813,LEFT_ELBOW,12831
5,74.63931,25.108887,915.29065,RIGHT_ELBOW,12831
6,-126.86795,-92.3283,739.0861,LEFT_HAND,12831
7,291.60895,-148.14462,884.66656,RIGHT_HAND,12831
8,5.671289,36.217705,911.34406,TORSO,12831
9,-41.112915,-105.07359,906.6637,LEFT_HIP,12831
10,87.16196,-78.34003,862.2554,RIGHT_HIP,12831
11,-72.709915,-423.4757,924.21356,LEFT_KNEE,12831
12,127.7811,-395.99142,873.8288,RIGHT_KNEE,12831
13,-32.908527,-710.5633,1028.7878,LEFT_FOOT,12831
14,117.96302,-680.47845,991.7694,RIGHT_FOOT,12831
0,16.321753,277.0658,1016.7972,HEAD,12831
1,-13.2554035,164.25609,934.11646,NECK,12831
2,-132.39937,141.67072,973.92444,LEFT_SHOULDER,12831
3,105.88857,186.84146,894.3085,RIGHT_SHOULDER,12831
4,-221.38971,-28.279922,944.23474,LEFT_ELBOW,12831
5,95.79311,18.063156,950.6216,RIGHT_ELBOW,12831
6,-167.83519,-91.95449,784.1802,LEFT_HAND,12831
7,288.0251,-145.45358,907.742,RIGHT_HAND,12831
8,2.2321205,32.352825,905.6337,TORSO,12831
9,-51.372704,-112.64784,900.2359,LEFT_HIP,12831
10,86.812004,-86.45303,854.0661,RIGHT_HIP,12831
11,-75.539696,-430.5705,932.2894,LEFT_KNEE,12831
12,128.43066,-403.9805,865.4885,RIGHT_KNEE,12831
13,-35.85517,-717.92725,1036.1667,LEFT_FOOT,12831
14,121.10675,-687.9608,984.82336,RIGHT_FOOT,12831
0,15.939487,276.7134,1013.9736,HEAD,12831
1,-11.564419,168.79614,918.4512,NECK,12831
2,-139.1612,148.72754,970.04016,LEFT_SHOULDER,12831
3,116.03236,188.86475,866.8622,RIGHT_SHOULDER,12831
4,-225.9371,-22.736206,941.92255,LEFT_ELBOW,12831
5,103.295235,20.319458,991.88556,RIGHT_ELBOW,12831
6,-142.72794,-93.86923,750.4084,LEFT_HAND,12831
7,295.62106,-154.71487,890.1017,RIGHT_HAND,12831
8,1.0675437,33.03029,896.88007,TORSO,12831
9,-56.86543,-113.83412,903.83923,LEFT_HIP,12831
10,84.26444,-91.63701,846.7787,RIGHT_HIP,12831
11,-77.85748,-431.84937,937.1849,LEFT_KNEE,12831
12,128.15656,-408.77057,860.41974,RIGHT_KNEE,12831
13,-36.555603,-718.2925,1042.938,LEFT_FOOT,12831
14,123.466736,-692.66504,980.0908,RIGHT_FOOT,12831
0,15.415867,275.9183,1011.9095,HEAD,12831
1,-12.4277725,166.92932,920.9645,NECK,12831
2,-137.10576,147.17409,968.7024,LEFT_SHOULDER,12831
3,112.25021,186.68454,873.22656,RIGHT_SHOULDER,12831
4,-226.09036,-26.099258,943.1122,LEFT_ELBOW,12831
5,107.62624,16.41742,991.9441,RIGHT_ELBOW,12831
6,-136.04254,-91.31957,736.9373,LEFT_HAND,12831
7,295.4882,-156.83673,897.8,RIGHT_HAND,12831
8,0.118682645,31.079613,897.51404,TORSO,12831
9,-59.539337,-116.210884,901.70996,LEFT_HIP,12831
10,84.86961,-93.32929,846.41724,RIGHT_HIP,12831
11,-79.96556,-434.41064,936.46674,LEFT_KNEE,12831
12,128.31735,-410.76843,861.2841,RIGHT_KNEE,12831
13,-33.764217,-719.52014,1044.601,LEFT_FOOT,12831
14,126.06,-694.6345,981.8242,RIGHT_FOOT,12831
0,15.323103,274.93924,1011.3489,HEAD,12831
1,-11.620855,166.06548,911.36096,NECK,12831
2,-137.03302,147.82492,956.4098,LEFT_SHOULDER,12831
3,113.79131,184.30603,866.31213,RIGHT_SHOULDER,12831
4,-227.93105,-22.410538,941.8007,LEFT_ELBOW,12831
5,114.9829,17.317856,1011.4484,RIGHT_ELBOW,12831
6,-131.28027,-84.951416,736.87933,LEFT_HAND,12831
7,295.83893,-164.86107,895.19806,RIGHT_HAND,12831
8,1.2130222,29.957287,891.9784,TORSO,12831
9,-57.987175,-116.627884,898.4709,LEFT_HIP,12831
10,86.08097,-95.67392,846.72076,RIGHT_HIP,12831
11,-79.445366,-434.12354,935.5624,LEFT_KNEE,12831
12,129.25179,-412.45105,867.4152,RIGHT_KNEE,12831
13,-32.620636,-718.0276,1045.5723,LEFT_FOOT,12831
14,127.78293,-695.8004,988.2756,RIGHT_FOOT,12831
0,15.042246,274.15872,1009.6837,HEAD,12831
1,-11.026594,167.20396,905.8445,NECK,12831
2,-135.09705,149.4025,950.30524,LEFT_SHOULDER,12831
3,113.04385,185.00543,861.3837,RIGHT_SHOULDER,12831
4,-227.92378,-20.554108,942.74927,LEFT_ELBOW,12831
5,121.55888,14.618423,1023.78796,RIGHT_ELBOW,12831
6,-211.77032,-207.49045,732.9879,LEFT_HAND,12831
7,299.45685,-173.20145,902.6427,RIGHT_HAND,12831
8,2.7978127,32.666576,890.5555,TORSO,12831
9,-52.21137,-111.74696,899.93304,LEFT_HIP,12831
10,85.45581,-91.99466,850.5999,RIGHT_HIP,12831
11,-76.0365,-429.755,929.6671,LEFT_KNEE,12831
12,126.22543,-408.6836,875.63666,RIGHT_KNEE,12831
13,-29.091984,-713.1739,1040.6255,LEFT_FOOT,12831
14,128.26642,-693.1216,993.67334,RIGHT_FOOT,12831
0,14.363072,273.3858,1008.64166,HEAD,12831
1,-11.260049,167.11253,908.41003,NECK,12831
2,-134.40575,149.36507,951.3306,LEFT_SHOULDER,12831
3,111.88564,184.86,865.48944,RIGHT_SHOULDER,12831
4,-227.78781,-23.16449,944.016,LEFT_ELBOW,12831
5,122.503334,10.676712,1014.82544,RIGHT_ELBOW,12831
6,-201.50545,-199.10246,740.8924,LEFT_HAND,12831
7,295.60184,-178.10782,906.22485,RIGHT_HAND,12831
8,2.626078,31.743074,892.2768,TORSO,12831
9,-52.796078,-113.61493,900.2999,LEFT_HIP,12831
10,85.82048,-93.63784,851.9872,RIGHT_HIP,12831
11,-77.40135,-431.7123,928.3982,LEFT_KNEE,12831
12,128.40662,-410.16757,875.9918,RIGHT_KNEE,12831
13,-29.598026,-714.6185,1040.2943,LEFT_FOOT,12831
14,129.84973,-693.6897,996.22034,RIGHT_FOOT,12831
0,14.153344,272.995,1007.36707,HEAD,12831
1,-11.821675,167.27925,909.83954,NECK,12831
2,-134.7126,150.04959,952.89825,LEFT_SHOULDER,12831
3,111.06926,184.50891,866.7808,RIGHT_SHOULDER,12831
4,-227.00275,-23.376724,946.17505,LEFT_ELBOW,12831
5,122.23175,8.420105,1011.6409,RIGHT_ELBOW,12831
6,-123.15412,-44.00608,726.43835,LEFT_HAND,12831
7,291.8866,-189.74759,903.49255,RIGHT_HAND,12831
8,1.5689667,31.709248,893.80945,TORSO,12831
9,-54.35015,-113.578186,902.0642,LEFT_HIP,12831
10,84.26937,-94.14333,853.4945,RIGHT_HIP,12831
11,-78.362946,-432.24765,927.20184,LEFT_KNEE,12831
12,129.43277,-410.55966,877.9839,RIGHT_KNEE,12831
13,-29.732582,-714.57605,1040.9208,LEFT_FOOT,12831
14,125.7733,-692.7248,1001.98267,RIGHT_FOOT,12831
0,14.592428,273.1589,1007.22107,HEAD,12831
1,-11.257065,167.95618,908.0029,NECK,12831
2,-134.43825,151.92873,950.93066,LEFT_SHOULDER,12831
3,111.924126,183.98361,865.0752,RIGHT_SHOULDER,12831
4,-227.85269,-16.52922,961.9608,LEFT_ELBOW,12831
5,125.15357,5.7145844,1017.0144,RIGHT_ELBOW,12831
6,-143.68277,-62.35971,738.9925,LEFT_HAND,12831
7,286.9758,-194.04945,912.8557,RIGHT_HAND,12831
8,1.5244893,32.517178,894.1123,TORSO,12831
9,-54.78302,-111.91119,904.2987,LEFT_HIP,12831
10,83.39511,-93.93245,856.14465,RIGHT_HIP,12831
11,-78.45973,-430.65836,925.01636,LEFT_KNEE,12831
12,129.28659,-410.04895,879.6795,RIGHT_KNEE,12831
13,-29.80679,-712.15643,1040.0884,LEFT_FOOT,12831
14,121.7268,-691.5393,1004.40265,RIGHT_FOOT,12831
0,14.77892,273.0536,1007.2491,HEAD,12831
1,-9.059443,170.1045,904.79755,NECK,12831
2,-130.55556,156.98154,944.1684,LEFT_SHOULDER,12831
3,112.43666,183.2275,865.4267,RIGHT_SHOULDER,12831
4,-225.25919,-16.883148,956.2052,LEFT_ELBOW,12831
5,124.08478,4.817581,1011.9352,RIGHT_ELBOW,12831
6,-127.26814,-28.489601,733.9653,LEFT_HAND,12831
7,289.8067,-204.61371,906.13934,RIGHT_HAND,12831
8,1.6502712,34.69228,892.71185,TORSO,12831
9,-54.542755,-107.94622,902.306,LEFT_HIP,12831
10,79.262726,-93.49368,858.9463,RIGHT_HIP,12831
11,-78.50185,-426.7829,921.24567,LEFT_KNEE,12831
12,129.33028,-408.99063,882.2796,RIGHT_KNEE,12831
13,-31.224743,-707.0172,1039.9193,LEFT_FOOT,12831
14,118.966255,-689.91644,1008.06946,RIGHT_FOOT,12831
0,15.4236355,272.22754,1007.17535,HEAD,12831
1,-9.842976,173.23645,907.0287,NECK,12831
2,-129.8528,159.23637,946.74396,LEFT_SHOULDER,12831
3,110.166855,187.23651,867.3134,RIGHT_SHOULDER,12831
4,-222.99231,-19.507782,952.31287,LEFT_ELBOW,12831
5,122.82502,7.8799896,1010.84015,RIGHT_ELBOW,12831
6,-124.38613,-20.587074,724.5234,LEFT_HAND,12831
7,283.6727,-198.47949,924.08844,RIGHT_HAND,12831
8,1.8825748,37.994473,894.78613,TORSO,12831
9,-52.01314,-104.902725,904.2598,LEFT_HIP,12831
10,79.22939,-89.59228,860.82733,RIGHT_HIP,12831
11,-77.01848,-423.93616,918.4752,LEFT_KNEE,12831
12,128.01636,-405.4031,883.0318,RIGHT_KNEE,12831
13,-30.651154,-703.19116,1039.8634,LEFT_FOOT,12831
14,116.25994,-684.9344,1011.8435,RIGHT_FOOT,12831
0,15.759017,271.9164,1007.8706,HEAD,12831
1,-10.300618,172.42197,909.92004,NECK,12831
2,-130.83952,156.30882,949.97406,LEFT_SHOULDER,12831
3,110.23828,188.53513,869.866,RIGHT_SHOULDER,12831
4,-224.04771,-19.080658,947.9416,LEFT_ELBOW,12831
5,130.54172,6.3652344,1010.1703,RIGHT_ELBOW,12831
6,-170.10541,-61.68696,805.7723,LEFT_HAND,12831
7,286.8564,-196.87617,902.6777,RIGHT_HAND,12831
8,2.484437,39.538395,894.93835,TORSO,12831
9,-47.228096,-101.6996,900.72406,LEFT_HIP,12831
10,77.76708,-84.99076,859.1893,RIGHT_HIP,12831
11,-74.51506,-420.6989,918.90894,LEFT_KNEE,12831
12,122.9225,-402.00333,876.50525,RIGHT_KNEE,12831
13,-28.71405,-699.6408,1042.0804,LEFT_FOOT,12831
14,111.22985,-678.6964,1012.08453,RIGHT_FOOT,12831
0,16.670654,271.9602,1009.17377,HEAD,12831
1,-9.696006,171.50969,911.662,NECK,12831
2,-130.4961,154.45918,951.0586,LEFT_SHOULDER,12831
3,111.10408,188.5602,872.2654,RIGHT_SHOULDER,12831
4,-224.57562,-15.994003,946.3789,LEFT_ELBOW,12831
5,125.733604,-1.415741,975.99835,RIGHT_ELBOW,12831
6,-122.29588,-17.199928,716.7074,LEFT_HAND,12831
7,288.0222,-190.79347,930.5682,RIGHT_HAND,12831
8,3.0933685,41.342472,894.54224,TORSO,12831
9,-44.445667,-97.33989,897.0974,LEFT_HIP,12831
10,76.21115,-80.30961,857.74756,RIGHT_HIP,12831
11,-71.7005,-416.33405,918.76086,LEFT_KNEE,12831
12,117.45526,-398.30692,869.831,RIGHT_KNEE,12831
13,-26.373196,-695.20404,1042.7687,LEFT_FOOT,12831
14,106.48225,-672.6439,1010.61365,RIGHT_FOOT,12831
0,18.379267,271.63727,1009.6661,HEAD,12831
1,-9.272219,171.0675,912.3658,NECK,12831
2,-130.42319,154.11879,950.7571,LEFT_SHOULDER,12831
3,111.87874,188.01624,873.9745,RIGHT_SHOULDER,12831
4,-227.0609,-8.818924,948.07654,LEFT_ELBOW,12831
5,135.27592,-4.001938,940.25555,RIGHT_ELBOW,12831
6,-123.38158,-18.456062,716.9355,LEFT_HAND,12831
7,280.39838,-188.61325,892.75726,RIGHT_HAND,12831
8,2.8294177,42.216393,893.6705,TORSO,12831
9,-44.807568,-94.99201,893.9056,LEFT_HIP,12831
10,74.66968,-78.27744,856.04474,RIGHT_HIP,12831
11,-70.92361,-413.7353,918.7362,LEFT_KNEE,12831
12,115.194565,-396.31372,866.36597,RIGHT_KNEE,12831
13,-26.552322,-693.1256,1041.6398,LEFT_FOOT,12831
14,106.44498,-671.6073,1005.1822,RIGHT_FOOT,12831
0,19.824821,271.85522,1010.3351,HEAD,12831
1,-8.756526,174.25531,915.1633,NECK,12831
2,-128.12714,157.09105,954.5357,LEFT_SHOULDER,12831
3,110.6141,191.41956,875.79095,RIGHT_SHOULDER,12831
4,-226.25511,-7.8739166,947.91205,LEFT_ELBOW,12831
5,128.65302,-0.17185974,937.13293,RIGHT_ELBOW,12831
6,-117.32121,-21.39475,714.3665,LEFT_HAND,12831
7,291.13147,-181.52579,890.23553,RIGHT_HAND,12831
8,3.2531402,43.75047,894.6815,TORSO,12831
9,-44.021725,-95.27887,893.75366,LEFT_HIP,12831
10,74.54733,-78.229866,854.64575,RIGHT_HIP,12831
11,-71.164795,-413.83286,919.8785,LEFT_KNEE,12831
12,113.76962,-396.47684,863.38464,RIGHT_KNEE,12831
13,-27.2182,-693.14215,1043.1183,LEFT_FOOT,12831
14,105.8879,-673.0689,999.6482,RIGHT_FOOT,12831
0,22.7982,271.44485,1012.12006,HEAD,12831
1,-8.389782,175.41765,918.25714,NECK,12831
2,-126.871994,157.27289,958.4613,LEFT_SHOULDER,12831
3,110.09242,193.56241,878.053,RIGHT_SHOULDER,12831
4,-225.14459,-11.9053955,948.20905,LEFT_ELBOW,12831
5,127.27417,2.4243011,936.6023,RIGHT_ELBOW,12831
6,-121.88073,-31.493036,720.92694,LEFT_HAND,12831
7,291.4126,-170.16818,892.9659,RIGHT_HAND,12831
8,4.0958023,44.27239,895.86444,TORSO,12831
9,-42.003796,-95.8448,893.35126,LEFT_HIP,12831
10,75.166565,-77.90095,853.5922,RIGHT_HIP,12831
11,-71.60186,-414.48865,921.1662,LEFT_KNEE,12831
12,112.61401,-396.84262,861.1765,RIGHT_KNEE,12831
13,-27.807396,-694.4188,1044.1306,LEFT_FOOT,12831
14,104.05057,-675.40594,994.324,RIGHT_FOOT,12831
0,26.425217,272.74362,1016.66327,HEAD,12831
1,-6.53382,172.41147,927.6365,NECK,12831
2,-126.00135,154.4849,960.5127,LEFT_SHOULDER,12831
3,112.93371,190.33801,894.76025,RIGHT_SHOULDER,12831
4,-223.92276,-8.7630005,950.6859,LEFT_ELBOW,12831
5,126.046936,1.9969177,930.207,RIGHT_ELBOW,12831
6,-117.30013,-35.609356,727.7621,LEFT_HAND,12831
7,288.0122,-152.39235,880.03577,RIGHT_HAND,12831
8,5.438883,43.060616,900.6119,TORSO,12831
9,-42.077156,-95.21674,889.95795,LEFT_HIP,12831
10,76.90032,-77.363716,857.2166,RIGHT_HIP,12831
11,-73.119545,-412.65744,918.8567,LEFT_KNEE,12831
12,113.422226,-395.47745,863.31323,RIGHT_KNEE,12831
13,-30.42672,-692.54504,1039.9746,LEFT_FOOT,12831
14,103.85325,-675.07056,992.02,RIGHT_FOOT,12831
0,31.826227,275.42108,1024.2787,HEAD,12831
1,-2.6747608,171.90851,940.00415,NECK,12831
2,-123.1498,155.53833,967.8665,LEFT_SHOULDER,12831
3,117.80028,188.27869,912.1418,RIGHT_SHOULDER,12831
4,-219.56534,-12.591644,953.036,LEFT_ELBOW,12831
5,125.98098,-0.11177063,922.20404,RIGHT_ELBOW,12831
6,-107.91252,-39.34424,731.6884,LEFT_HAND,12831
7,304.4039,-160.54085,881.85834,RIGHT_HAND,12831
8,7.8384094,42.44067,909.3952,TORSO,12831
9,-44.490067,-95.5661,893.3197,LEFT_HIP,12831
10,81.19322,-78.48823,864.2528,RIGHT_HIP,12831
11,-79.75275,-412.4094,922.3436,LEFT_KNEE,12831
12,114.092804,-396.91104,864.03186,RIGHT_KNEE,12831
13,-36.63912,-694.9944,1036.4985,LEFT_FOOT,12831
14,104.7011,-677.7648,989.6398,RIGHT_FOOT,12831
0,34.661415,277.30444,1028.7119,HEAD,12831
1,-4.904249,172.73056,930.0155,NECK,12831
2,-125.12148,155.81133,963.0412,LEFT_SHOULDER,12831
3,115.31298,189.64981,896.9898,RIGHT_SHOULDER,12831
4,-219.54411,-10.627518,949.0131,LEFT_ELBOW,12831
5,144.7817,-1.983078,907.4969,RIGHT_ELBOW,12831
6,-196.78838,-49.438606,830.8457,LEFT_HAND,12831
7,303.90735,-182.61977,1037.9358,RIGHT_HAND,12831
8,6.4041452,42.420662,904.4208,TORSO,12831
9,-45.0891,-96.727875,896.07874,LEFT_HIP,12831
10,80.51418,-79.05061,861.57336,RIGHT_HIP,12831
11,-80.32663,-414.1064,923.395,LEFT_KNEE,12831
12,113.91611,-397.79755,862.8821,RIGHT_KNEE,12831
13,-38.164284,-697.55743,1036.733,LEFT_FOOT,12831
14,110.51809,-681.16205,983.96326,RIGHT_FOOT,12831
0,37.71884,278.17908,1031.2809,HEAD,12831
1,-2.2878828,173.51271,932.54126,NECK,12831
2,-123.41981,157.871,961.57227,LEFT_SHOULDER,12831
3,118.84405,189.15442,903.51025,RIGHT_SHOULDER,12831
4,-217.54651,-9.055878,948.0291,LEFT_ELBOW,12831
5,155.0009,-9.507858,898.17523,RIGHT_ELBOW,12831
6,-196.09816,-49.29185,837.2431,LEFT_HAND,12831
7,335.99957,-236.60893,1022.2587,RIGHT_HAND,12831
8,8.522489,42.183273,906.88806,TORSO,12831
9,-46.585766,-97.6582,897.0332,LEFT_HIP,12831
10,85.25149,-80.634125,865.4365,RIGHT_HIP,12831
11,-81.68826,-415.31174,923.79095,LEFT_KNEE,12831
12,114.90025,-399.95468,862.74536,RIGHT_KNEE,12831
13,-40.566677,-699.52515,1036.1482,LEFT_FOOT,12831
14,112.8339,-681.9067,987.61005,RIGHT_FOOT,12831
0,43.53251,279.63095,1036.5569,HEAD,12831
1,2.0348015,184.51804,940.73395,NECK,12831
2,-110.944115,170.85516,971.6232,LEFT_SHOULDER,12831
3,115.01371,198.1809,909.84467,RIGHT_SHOULDER,12831
4,-189.94482,-1.4985962,927.1978,LEFT_ELBOW,12831
5,151.70483,-3.917511,910.1958,RIGHT_ELBOW,12831
6,-205.12152,-87.28914,869.6076,LEFT_HAND,12831
7,304.30637,-167.46196,901.2869,RIGHT_HAND,12831
8,10.447032,46.95936,910.6574,TORSO,12831
9,-46.920208,-98.554214,898.5655,LEFT_HIP,12831
10,84.63873,-82.64441,862.59625,RIGHT_HIP,12831
11,-81.23355,-416.14417,926.38995,LEFT_KNEE,12831
12,115.958626,-401.74854,860.02386,RIGHT_KNEE,12831
13,-41.098335,-701.0197,1037.2653,LEFT_FOOT,12831
14,116.60917,-681.18176,990.31177,RIGHT_FOOT,12831
